SecondaryStratumID,DistributionTypeID,ExternalVariableTypeID,ExternalVariableMin,ExternalVariableMax,Value
Alameda,Harvest: Annual Variability,Forest Harvest,1999,1999,0
Alpine,Harvest: Annual Variability,Forest Harvest,1999,1999,0
Amador,Harvest: Annual Variability,Forest Harvest,1999,1999,1.2
Butte,Harvest: Annual Variability,Forest Harvest,1999,1999,0.782608695652174
Calaveras,Harvest: Annual Variability,Forest Harvest,1999,1999,1.1868131868131868
Colusa,Harvest: Annual Variability,Forest Harvest,1999,1999,0.4
Contra Costa,Harvest: Annual Variability,Forest Harvest,1999,1999,0
Del Norte,Harvest: Annual Variability,Forest Harvest,1999,1999,1.180327868852459
El Dorado,Harvest: Annual Variability,Forest Harvest,1999,1999,0.8837209302325582
Fresno,Harvest: Annual Variability,Forest Harvest,1999,1999,0.3515625
Glenn,Harvest: Annual Variability,Forest Harvest,1999,1999,0.34615384615384615
Humboldt,Harvest: Annual Variability,Forest Harvest,1999,1999,0.8571428571428571
Imperial,Harvest: Annual Variability,Forest Harvest,1999,1999,0
Inyo,Harvest: Annual Variability,Forest Harvest,1999,1999,0
Kern,Harvest: Annual Variability,Forest Harvest,1999,1999,0.5625
Kings,Harvest: Annual Variability,Forest Harvest,1999,1999,0
Lake,Harvest: Annual Variability,Forest Harvest,1999,1999,0.5454545454545454
Lassen,Harvest: Annual Variability,Forest Harvest,1999,1999,1.8876404494382022
Los Angeles,Harvest: Annual Variability,Forest Harvest,1999,1999,0.5625
Madera,Harvest: Annual Variability,Forest Harvest,1999,1999,0.5625
Marin,Harvest: Annual Variability,Forest Harvest,1999,1999,0
Mariposa,Harvest: Annual Variability,Forest Harvest,1999,1999,0.20930232558139536
Mendocino,Harvest: Annual Variability,Forest Harvest,1999,1999,1.2025052192066805
Merced,Harvest: Annual Variability,Forest Harvest,1999,1999,0
Modoc,Harvest: Annual Variability,Forest Harvest,1999,1999,0.5175718849840255
Mono,Harvest: Annual Variability,Forest Harvest,1999,1999,1.2413793103448276
Monterey,Harvest: Annual Variability,Forest Harvest,1999,1999,0
Napa,Harvest: Annual Variability,Forest Harvest,1999,1999,1.2857142857142858
Nevada,Harvest: Annual Variability,Forest Harvest,1999,1999,1.3943661971830985
Orange,Harvest: Annual Variability,Forest Harvest,1999,1999,0
Placer,Harvest: Annual Variability,Forest Harvest,1999,1999,1.3300492610837438
Plumas,Harvest: Annual Variability,Forest Harvest,1999,1999,1.369077306733167
Riverside,Harvest: Annual Variability,Forest Harvest,1999,1999,0
Sacramento,Harvest: Annual Variability,Forest Harvest,1999,1999,0
San Benito,Harvest: Annual Variability,Forest Harvest,1999,1999,0
San Bernardino,Harvest: Annual Variability,Forest Harvest,1999,1999,0.29032258064516125
San Diego,Harvest: Annual Variability,Forest Harvest,1999,1999,0.36734693877551017
San Francisco,Harvest: Annual Variability,Forest Harvest,1999,1999,0
San Joaquin,Harvest: Annual Variability,Forest Harvest,1999,1999,0
San Luis Obispo,Harvest: Annual Variability,Forest Harvest,1999,1999,0
San Mateo,Harvest: Annual Variability,Forest Harvest,1999,1999,0.8571428571428571
Santa Barbara,Harvest: Annual Variability,Forest Harvest,1999,1999,12
Santa Clara,Harvest: Annual Variability,Forest Harvest,1999,1999,0
Santa Cruz,Harvest: Annual Variability,Forest Harvest,1999,1999,0.5901639344262295
Shasta,Harvest: Annual Variability,Forest Harvest,1999,1999,0.277992277992278
Sierra Valley,Harvest: Annual Variability,Forest Harvest,1999,1999,0.8059701492537313
Siskiyou,Harvest: Annual Variability,Forest Harvest,1999,1999,0.28954423592493295
Solano,Harvest: Annual Variability,Forest Harvest,1999,1999,0
Sonoma,Harvest: Annual Variability,Forest Harvest,1999,1999,1.2413793103448276
Stanislaus,Harvest: Annual Variability,Forest Harvest,1999,1999,0
Sutter,Harvest: Annual Variability,Forest Harvest,1999,1999,0
Tehama,Harvest: Annual Variability,Forest Harvest,1999,1999,0
Trinity,Harvest: Annual Variability,Forest Harvest,1999,1999,0.4462809917355372
Tulare,Harvest: Annual Variability,Forest Harvest,1999,1999,1.0359712230215827
Tuolumne,Harvest: Annual Variability,Forest Harvest,1999,1999,2.020408163265306
Ventura,Harvest: Annual Variability,Forest Harvest,1999,1999,3
Yolo,Harvest: Annual Variability,Forest Harvest,1999,1999,0
Yuba,Harvest: Annual Variability,Forest Harvest,1999,1999,0.2647058823529412
Alameda,Harvest: Annual Variability,Forest Harvest,2000,2000,0
Alpine,Harvest: Annual Variability,Forest Harvest,2000,2000,1.6363636363636362
Amador,Harvest: Annual Variability,Forest Harvest,2000,2000,1.2
Butte,Harvest: Annual Variability,Forest Harvest,2000,2000,1.3416149068322982
Calaveras,Harvest: Annual Variability,Forest Harvest,2000,2000,1.6813186813186813
Colusa,Harvest: Annual Variability,Forest Harvest,2000,2000,0
Contra Costa,Harvest: Annual Variability,Forest Harvest,2000,2000,0
Del Norte,Harvest: Annual Variability,Forest Harvest,2000,2000,2.360655737704918
El Dorado,Harvest: Annual Variability,Forest Harvest,2000,2000,1.6744186046511629
Fresno,Harvest: Annual Variability,Forest Harvest,2000,2000,1.125
Glenn,Harvest: Annual Variability,Forest Harvest,2000,2000,0
Humboldt,Harvest: Annual Variability,Forest Harvest,2000,2000,1.1583011583011582
Imperial,Harvest: Annual Variability,Forest Harvest,2000,2000,0
Inyo,Harvest: Annual Variability,Forest Harvest,2000,2000,0
Kern,Harvest: Annual Variability,Forest Harvest,2000,2000,0
Kings,Harvest: Annual Variability,Forest Harvest,2000,2000,0
Lake,Harvest: Annual Variability,Forest Harvest,2000,2000,0.2727272727272727
Lassen,Harvest: Annual Variability,Forest Harvest,2000,2000,1.2359550561797752
Los Angeles,Harvest: Annual Variability,Forest Harvest,2000,2000,0.1875
Madera,Harvest: Annual Variability,Forest Harvest,2000,2000,0.1875
Marin,Harvest: Annual Variability,Forest Harvest,2000,2000,0
Mariposa,Harvest: Annual Variability,Forest Harvest,2000,2000,0.8372093023255814
Mendocino,Harvest: Annual Variability,Forest Harvest,2000,2000,2.2922755741127347
Merced,Harvest: Annual Variability,Forest Harvest,2000,2000,0
Modoc,Harvest: Annual Variability,Forest Harvest,2000,2000,0.5175718849840255
Mono,Harvest: Annual Variability,Forest Harvest,2000,2000,1.6551724137931034
Monterey,Harvest: Annual Variability,Forest Harvest,2000,2000,2
Napa,Harvest: Annual Variability,Forest Harvest,2000,2000,1.2857142857142858
Nevada,Harvest: Annual Variability,Forest Harvest,2000,2000,2.1549295774647885
Orange,Harvest: Annual Variability,Forest Harvest,2000,2000,0
Placer,Harvest: Annual Variability,Forest Harvest,2000,2000,0.8866995073891625
Plumas,Harvest: Annual Variability,Forest Harvest,2000,2000,1.5261845386533666
Riverside,Harvest: Annual Variability,Forest Harvest,2000,2000,0.32727272727272727
Sacramento,Harvest: Annual Variability,Forest Harvest,2000,2000,0
San Benito,Harvest: Annual Variability,Forest Harvest,2000,2000,0
San Bernardino,Harvest: Annual Variability,Forest Harvest,2000,2000,0
San Diego,Harvest: Annual Variability,Forest Harvest,2000,2000,0.36734693877551017
San Francisco,Harvest: Annual Variability,Forest Harvest,2000,2000,0
San Joaquin,Harvest: Annual Variability,Forest Harvest,2000,2000,0
San Luis Obispo,Harvest: Annual Variability,Forest Harvest,2000,2000,0
San Mateo,Harvest: Annual Variability,Forest Harvest,2000,2000,0.8571428571428571
Santa Barbara,Harvest: Annual Variability,Forest Harvest,2000,2000,0
Santa Clara,Harvest: Annual Variability,Forest Harvest,2000,2000,2.5714285714285716
Santa Cruz,Harvest: Annual Variability,Forest Harvest,2000,2000,0.8852459016393442
Shasta,Harvest: Annual Variability,Forest Harvest,2000,2000,0.6254826254826255
Sierra Valley,Harvest: Annual Variability,Forest Harvest,2000,2000,1.3432835820895521
Siskiyou,Harvest: Annual Variability,Forest Harvest,2000,2000,0.6434316353887399
Solano,Harvest: Annual Variability,Forest Harvest,2000,2000,0
Sonoma,Harvest: Annual Variability,Forest Harvest,2000,2000,1.2413793103448276
Stanislaus,Harvest: Annual Variability,Forest Harvest,2000,2000,0
Sutter,Harvest: Annual Variability,Forest Harvest,2000,2000,0
Tehama,Harvest: Annual Variability,Forest Harvest,2000,2000,0
Trinity,Harvest: Annual Variability,Forest Harvest,2000,2000,0.37190082644628103
Tulare,Harvest: Annual Variability,Forest Harvest,2000,2000,0.38848920863309355
Tuolumne,Harvest: Annual Variability,Forest Harvest,2000,2000,0.7346938775510203
Ventura,Harvest: Annual Variability,Forest Harvest,2000,2000,0
Yolo,Harvest: Annual Variability,Forest Harvest,2000,2000,0
Yuba,Harvest: Annual Variability,Forest Harvest,2000,2000,2.1176470588235294
Alameda,Harvest: Annual Variability,Forest Harvest,2001,2001,0
Alpine,Harvest: Annual Variability,Forest Harvest,2001,2001,0
Amador,Harvest: Annual Variability,Forest Harvest,2001,2001,1.68
Butte,Harvest: Annual Variability,Forest Harvest,2001,2001,1.565217391304348
Calaveras,Harvest: Annual Variability,Forest Harvest,2001,2001,1.7802197802197803
Colusa,Harvest: Annual Variability,Forest Harvest,2001,2001,0
Contra Costa,Harvest: Annual Variability,Forest Harvest,2001,2001,0
Del Norte,Harvest: Annual Variability,Forest Harvest,2001,2001,0.8852459016393442
El Dorado,Harvest: Annual Variability,Forest Harvest,2001,2001,1.1162790697674418
Fresno,Harvest: Annual Variability,Forest Harvest,2001,2001,0.28125
Glenn,Harvest: Annual Variability,Forest Harvest,2001,2001,1.0384615384615383
Humboldt,Harvest: Annual Variability,Forest Harvest,2001,2001,1.3899613899613898
Imperial,Harvest: Annual Variability,Forest Harvest,2001,2001,0
Inyo,Harvest: Annual Variability,Forest Harvest,2001,2001,0
Kern,Harvest: Annual Variability,Forest Harvest,2001,2001,0.28125
Kings,Harvest: Annual Variability,Forest Harvest,2001,2001,0
Lake,Harvest: Annual Variability,Forest Harvest,2001,2001,1.0909090909090908
Lassen,Harvest: Annual Variability,Forest Harvest,2001,2001,0.8314606741573034
Los Angeles,Harvest: Annual Variability,Forest Harvest,2001,2001,0
Madera,Harvest: Annual Variability,Forest Harvest,2001,2001,0.1875
Marin,Harvest: Annual Variability,Forest Harvest,2001,2001,0
Mariposa,Harvest: Annual Variability,Forest Harvest,2001,2001,0
Mendocino,Harvest: Annual Variability,Forest Harvest,2001,2001,1.7286012526096033
Merced,Harvest: Annual Variability,Forest Harvest,2001,2001,0
Modoc,Harvest: Annual Variability,Forest Harvest,2001,2001,1.3801916932907348
Mono,Harvest: Annual Variability,Forest Harvest,2001,2001,0.8275862068965517
Monterey,Harvest: Annual Variability,Forest Harvest,2001,2001,0
Napa,Harvest: Annual Variability,Forest Harvest,2001,2001,1.2857142857142858
Nevada,Harvest: Annual Variability,Forest Harvest,2001,2001,2.028169014084507
Orange,Harvest: Annual Variability,Forest Harvest,2001,2001,0
Placer,Harvest: Annual Variability,Forest Harvest,2001,2001,1.5073891625615763
Plumas,Harvest: Annual Variability,Forest Harvest,2001,2001,0.6733167082294265
Riverside,Harvest: Annual Variability,Forest Harvest,2001,2001,0
Sacramento,Harvest: Annual Variability,Forest Harvest,2001,2001,0
San Benito,Harvest: Annual Variability,Forest Harvest,2001,2001,18
San Bernardino,Harvest: Annual Variability,Forest Harvest,2001,2001,0.29032258064516125
San Diego,Harvest: Annual Variability,Forest Harvest,2001,2001,1.4693877551020407
San Francisco,Harvest: Annual Variability,Forest Harvest,2001,2001,0
San Joaquin,Harvest: Annual Variability,Forest Harvest,2001,2001,0
San Luis Obispo,Harvest: Annual Variability,Forest Harvest,2001,2001,0
San Mateo,Harvest: Annual Variability,Forest Harvest,2001,2001,0
Santa Barbara,Harvest: Annual Variability,Forest Harvest,2001,2001,0
Santa Clara,Harvest: Annual Variability,Forest Harvest,2001,2001,2.5714285714285716
Santa Cruz,Harvest: Annual Variability,Forest Harvest,2001,2001,2.065573770491803
Shasta,Harvest: Annual Variability,Forest Harvest,2001,2001,0.3011583011583011
Sierra Valley,Harvest: Annual Variability,Forest Harvest,2001,2001,0.5373134328358209
Siskiyou,Harvest: Annual Variability,Forest Harvest,2001,2001,0.6595174262734584
Solano,Harvest: Annual Variability,Forest Harvest,2001,2001,0
Sonoma,Harvest: Annual Variability,Forest Harvest,2001,2001,1.8620689655172413
Stanislaus,Harvest: Annual Variability,Forest Harvest,2001,2001,0
Sutter,Harvest: Annual Variability,Forest Harvest,2001,2001,0
Tehama,Harvest: Annual Variability,Forest Harvest,2001,2001,0.5413533834586466
Trinity,Harvest: Annual Variability,Forest Harvest,2001,2001,1.4876033057851241
Tulare,Harvest: Annual Variability,Forest Harvest,2001,2001,0.5179856115107914
Tuolumne,Harvest: Annual Variability,Forest Harvest,2001,2001,0.826530612244898
Ventura,Harvest: Annual Variability,Forest Harvest,2001,2001,0
Yolo,Harvest: Annual Variability,Forest Harvest,2001,2001,0
Yuba,Harvest: Annual Variability,Forest Harvest,2001,2001,1.8529411764705883
Alameda,Harvest: Annual Variability,Forest Harvest,2002,2002,0
Alpine,Harvest: Annual Variability,Forest Harvest,2002,2002,0
Amador,Harvest: Annual Variability,Forest Harvest,2002,2002,2.4
Butte,Harvest: Annual Variability,Forest Harvest,2002,2002,1.453416149068323
Calaveras,Harvest: Annual Variability,Forest Harvest,2002,2002,1.4835164835164836
Colusa,Harvest: Annual Variability,Forest Harvest,2002,2002,0
Contra Costa,Harvest: Annual Variability,Forest Harvest,2002,2002,0
Del Norte,Harvest: Annual Variability,Forest Harvest,2002,2002,1.4754098360655736
El Dorado,Harvest: Annual Variability,Forest Harvest,2002,2002,1.441860465116279
Fresno,Harvest: Annual Variability,Forest Harvest,2002,2002,0.28125
Glenn,Harvest: Annual Variability,Forest Harvest,2002,2002,2.769230769230769
Humboldt,Harvest: Annual Variability,Forest Harvest,2002,2002,1.6679536679536677
Imperial,Harvest: Annual Variability,Forest Harvest,2002,2002,0
Inyo,Harvest: Annual Variability,Forest Harvest,2002,2002,0
Kern,Harvest: Annual Variability,Forest Harvest,2002,2002,1.96875
Kings,Harvest: Annual Variability,Forest Harvest,2002,2002,0
Lake,Harvest: Annual Variability,Forest Harvest,2002,2002,0.2727272727272727
Lassen,Harvest: Annual Variability,Forest Harvest,2002,2002,0.8764044943820225
Los Angeles,Harvest: Annual Variability,Forest Harvest,2002,2002,0
Madera,Harvest: Annual Variability,Forest Harvest,2002,2002,0.1875
Marin,Harvest: Annual Variability,Forest Harvest,2002,2002,0
Mariposa,Harvest: Annual Variability,Forest Harvest,2002,2002,0.20930232558139536
Mendocino,Harvest: Annual Variability,Forest Harvest,2002,2002,1.6910229645093944
Merced,Harvest: Annual Variability,Forest Harvest,2002,2002,0
Modoc,Harvest: Annual Variability,Forest Harvest,2002,2002,0.6900958466453674
Mono,Harvest: Annual Variability,Forest Harvest,2002,2002,0.41379310344827586
Monterey,Harvest: Annual Variability,Forest Harvest,2002,2002,0
Napa,Harvest: Annual Variability,Forest Harvest,2002,2002,1.2857142857142858
Nevada,Harvest: Annual Variability,Forest Harvest,2002,2002,1.0140845070422535
Orange,Harvest: Annual Variability,Forest Harvest,2002,2002,0
Placer,Harvest: Annual Variability,Forest Harvest,2002,2002,0.7980295566502462
Plumas,Harvest: Annual Variability,Forest Harvest,2002,2002,0.5162094763092269
Riverside,Harvest: Annual Variability,Forest Harvest,2002,2002,0.32727272727272727
Sacramento,Harvest: Annual Variability,Forest Harvest,2002,2002,0
San Benito,Harvest: Annual Variability,Forest Harvest,2002,2002,0
San Bernardino,Harvest: Annual Variability,Forest Harvest,2002,2002,0
San Diego,Harvest: Annual Variability,Forest Harvest,2002,2002,0
San Francisco,Harvest: Annual Variability,Forest Harvest,2002,2002,0
San Joaquin,Harvest: Annual Variability,Forest Harvest,2002,2002,0
San Luis Obispo,Harvest: Annual Variability,Forest Harvest,2002,2002,0
San Mateo,Harvest: Annual Variability,Forest Harvest,2002,2002,4.285714285714286
Santa Barbara,Harvest: Annual Variability,Forest Harvest,2002,2002,0
Santa Clara,Harvest: Annual Variability,Forest Harvest,2002,2002,1.2857142857142858
Santa Cruz,Harvest: Annual Variability,Forest Harvest,2002,2002,1.7704918032786885
Shasta,Harvest: Annual Variability,Forest Harvest,2002,2002,0.5328185328185328
Sierra Valley,Harvest: Annual Variability,Forest Harvest,2002,2002,0.9850746268656716
Siskiyou,Harvest: Annual Variability,Forest Harvest,2002,2002,0.675603217158177
Solano,Harvest: Annual Variability,Forest Harvest,2002,2002,0
Sonoma,Harvest: Annual Variability,Forest Harvest,2002,2002,1.8620689655172413
Stanislaus,Harvest: Annual Variability,Forest Harvest,2002,2002,0
Sutter,Harvest: Annual Variability,Forest Harvest,2002,2002,0
Tehama,Harvest: Annual Variability,Forest Harvest,2002,2002,3.1127819548872178
Trinity,Harvest: Annual Variability,Forest Harvest,2002,2002,0.6694214876033059
Tulare,Harvest: Annual Variability,Forest Harvest,2002,2002,0.7769784172661871
Tuolumne,Harvest: Annual Variability,Forest Harvest,2002,2002,0.7806122448979592
Ventura,Harvest: Annual Variability,Forest Harvest,2002,2002,0
Yolo,Harvest: Annual Variability,Forest Harvest,2002,2002,0
Yuba,Harvest: Annual Variability,Forest Harvest,2002,2002,0.5294117647058824
Alameda,Harvest: Annual Variability,Forest Harvest,2003,2003,0
Alpine,Harvest: Annual Variability,Forest Harvest,2003,2003,9.818181818181818
Amador,Harvest: Annual Variability,Forest Harvest,2003,2003,2.1599999999999997
Butte,Harvest: Annual Variability,Forest Harvest,2003,2003,0.8944099378881988
Calaveras,Harvest: Annual Variability,Forest Harvest,2003,2003,4.351648351648352
Colusa,Harvest: Annual Variability,Forest Harvest,2003,2003,0
Contra Costa,Harvest: Annual Variability,Forest Harvest,2003,2003,0
Del Norte,Harvest: Annual Variability,Forest Harvest,2003,2003,0.29508196721311475
El Dorado,Harvest: Annual Variability,Forest Harvest,2003,2003,1.069767441860465
Fresno,Harvest: Annual Variability,Forest Harvest,2003,2003,0.421875
Glenn,Harvest: Annual Variability,Forest Harvest,2003,2003,2.0769230769230766
Humboldt,Harvest: Annual Variability,Forest Harvest,2003,2003,1.2277992277992278
Imperial,Harvest: Annual Variability,Forest Harvest,2003,2003,0
Inyo,Harvest: Annual Variability,Forest Harvest,2003,2003,0
Kern,Harvest: Annual Variability,Forest Harvest,2003,2003,0
Kings,Harvest: Annual Variability,Forest Harvest,2003,2003,0
Lake,Harvest: Annual Variability,Forest Harvest,2003,2003,0.5454545454545454
Lassen,Harvest: Annual Variability,Forest Harvest,2003,2003,1.4831460674157304
Los Angeles,Harvest: Annual Variability,Forest Harvest,2003,2003,0.1875
Madera,Harvest: Annual Variability,Forest Harvest,2003,2003,0
Marin,Harvest: Annual Variability,Forest Harvest,2003,2003,0
Mariposa,Harvest: Annual Variability,Forest Harvest,2003,2003,1.0465116279069768
Mendocino,Harvest: Annual Variability,Forest Harvest,2003,2003,1.2400835073068892
Merced,Harvest: Annual Variability,Forest Harvest,2003,2003,0
Modoc,Harvest: Annual Variability,Forest Harvest,2003,2003,0.28753993610223644
Mono,Harvest: Annual Variability,Forest Harvest,2003,2003,0.20689655172413793
Monterey,Harvest: Annual Variability,Forest Harvest,2003,2003,0
Napa,Harvest: Annual Variability,Forest Harvest,2003,2003,1.2857142857142858
Nevada,Harvest: Annual Variability,Forest Harvest,2003,2003,1.2676056338028168
Orange,Harvest: Annual Variability,Forest Harvest,2003,2003,0
Placer,Harvest: Annual Variability,Forest Harvest,2003,2003,2.3054187192118225
Plumas,Harvest: Annual Variability,Forest Harvest,2003,2003,1.0773067331670823
Riverside,Harvest: Annual Variability,Forest Harvest,2003,2003,0
Sacramento,Harvest: Annual Variability,Forest Harvest,2003,2003,0
San Benito,Harvest: Annual Variability,Forest Harvest,2003,2003,0
San Bernardino,Harvest: Annual Variability,Forest Harvest,2003,2003,0.5806451612903225
San Diego,Harvest: Annual Variability,Forest Harvest,2003,2003,0.36734693877551017
San Francisco,Harvest: Annual Variability,Forest Harvest,2003,2003,0
San Joaquin,Harvest: Annual Variability,Forest Harvest,2003,2003,0
San Luis Obispo,Harvest: Annual Variability,Forest Harvest,2003,2003,0.46153846153846156
San Mateo,Harvest: Annual Variability,Forest Harvest,2003,2003,0
Santa Barbara,Harvest: Annual Variability,Forest Harvest,2003,2003,0
Santa Clara,Harvest: Annual Variability,Forest Harvest,2003,2003,0
Santa Cruz,Harvest: Annual Variability,Forest Harvest,2003,2003,1.7704918032786885
Shasta,Harvest: Annual Variability,Forest Harvest,2003,2003,0.8803088803088802
Sierra Valley,Harvest: Annual Variability,Forest Harvest,2003,2003,1.0746268656716418
Siskiyou,Harvest: Annual Variability,Forest Harvest,2003,2003,0.675603217158177
Solano,Harvest: Annual Variability,Forest Harvest,2003,2003,0
Sonoma,Harvest: Annual Variability,Forest Harvest,2003,2003,1.5517241379310345
Stanislaus,Harvest: Annual Variability,Forest Harvest,2003,2003,0
Sutter,Harvest: Annual Variability,Forest Harvest,2003,2003,0
Tehama,Harvest: Annual Variability,Forest Harvest,2003,2003,0.8120300751879699
Trinity,Harvest: Annual Variability,Forest Harvest,2003,2003,0.5950413223140496
Tulare,Harvest: Annual Variability,Forest Harvest,2003,2003,0.2589928057553957
Tuolumne,Harvest: Annual Variability,Forest Harvest,2003,2003,4.637755102040816
Ventura,Harvest: Annual Variability,Forest Harvest,2003,2003,3
Yolo,Harvest: Annual Variability,Forest Harvest,2003,2003,0
Yuba,Harvest: Annual Variability,Forest Harvest,2003,2003,0.7941176470588236
Alameda,Harvest: Annual Variability,Forest Harvest,2004,2004,0
Alpine,Harvest: Annual Variability,Forest Harvest,2004,2004,0
Amador,Harvest: Annual Variability,Forest Harvest,2004,2004,0.96
Butte,Harvest: Annual Variability,Forest Harvest,2004,2004,1.9006211180124224
Calaveras,Harvest: Annual Variability,Forest Harvest,2004,2004,1.879120879120879
Colusa,Harvest: Annual Variability,Forest Harvest,2004,2004,0
Contra Costa,Harvest: Annual Variability,Forest Harvest,2004,2004,0
Del Norte,Harvest: Annual Variability,Forest Harvest,2004,2004,0.8852459016393442
El Dorado,Harvest: Annual Variability,Forest Harvest,2004,2004,1.627906976744186
Fresno,Harvest: Annual Variability,Forest Harvest,2004,2004,0.84375
Glenn,Harvest: Annual Variability,Forest Harvest,2004,2004,0.34615384615384615
Humboldt,Harvest: Annual Variability,Forest Harvest,2004,2004,1.2046332046332044
Imperial,Harvest: Annual Variability,Forest Harvest,2004,2004,0
Inyo,Harvest: Annual Variability,Forest Harvest,2004,2004,0
Kern,Harvest: Annual Variability,Forest Harvest,2004,2004,0.28125
Kings,Harvest: Annual Variability,Forest Harvest,2004,2004,18
Lake,Harvest: Annual Variability,Forest Harvest,2004,2004,1.6363636363636362
Lassen,Harvest: Annual Variability,Forest Harvest,2004,2004,3.4157303370786516
Los Angeles,Harvest: Annual Variability,Forest Harvest,2004,2004,0.375
Madera,Harvest: Annual Variability,Forest Harvest,2004,2004,0.5625
Marin,Harvest: Annual Variability,Forest Harvest,2004,2004,0
Mariposa,Harvest: Annual Variability,Forest Harvest,2004,2004,1.255813953488372
Mendocino,Harvest: Annual Variability,Forest Harvest,2004,2004,1.1649269311064718
Merced,Harvest: Annual Variability,Forest Harvest,2004,2004,0
Modoc,Harvest: Annual Variability,Forest Harvest,2004,2004,0.23003194888178913
Mono,Harvest: Annual Variability,Forest Harvest,2004,2004,3.310344827586207
Monterey,Harvest: Annual Variability,Forest Harvest,2004,2004,0
Napa,Harvest: Annual Variability,Forest Harvest,2004,2004,0
Nevada,Harvest: Annual Variability,Forest Harvest,2004,2004,2.1549295774647885
Orange,Harvest: Annual Variability,Forest Harvest,2004,2004,0
Placer,Harvest: Annual Variability,Forest Harvest,2004,2004,0.8866995073891625
Plumas,Harvest: Annual Variability,Forest Harvest,2004,2004,2.5586034912718203
Riverside,Harvest: Annual Variability,Forest Harvest,2004,2004,0
Sacramento,Harvest: Annual Variability,Forest Harvest,2004,2004,0
San Benito,Harvest: Annual Variability,Forest Harvest,2004,2004,0
San Bernardino,Harvest: Annual Variability,Forest Harvest,2004,2004,0.8709677419354839
San Diego,Harvest: Annual Variability,Forest Harvest,2004,2004,1.836734693877551
San Francisco,Harvest: Annual Variability,Forest Harvest,2004,2004,0
San Joaquin,Harvest: Annual Variability,Forest Harvest,2004,2004,0
San Luis Obispo,Harvest: Annual Variability,Forest Harvest,2004,2004,0.46153846153846156
San Mateo,Harvest: Annual Variability,Forest Harvest,2004,2004,0.8571428571428571
Santa Barbara,Harvest: Annual Variability,Forest Harvest,2004,2004,0
Santa Clara,Harvest: Annual Variability,Forest Harvest,2004,2004,1.2857142857142858
Santa Cruz,Harvest: Annual Variability,Forest Harvest,2004,2004,0
Shasta,Harvest: Annual Variability,Forest Harvest,2004,2004,0.8571428571428571
Sierra Valley,Harvest: Annual Variability,Forest Harvest,2004,2004,1.6119402985074627
Siskiyou,Harvest: Annual Variability,Forest Harvest,2004,2004,0.8686327077747988
Solano,Harvest: Annual Variability,Forest Harvest,2004,2004,0
Sonoma,Harvest: Annual Variability,Forest Harvest,2004,2004,2.4827586206896552
Stanislaus,Harvest: Annual Variability,Forest Harvest,2004,2004,0
Sutter,Harvest: Annual Variability,Forest Harvest,2004,2004,0
Tehama,Harvest: Annual Variability,Forest Harvest,2004,2004,0.9473684210526315
Trinity,Harvest: Annual Variability,Forest Harvest,2004,2004,0.4462809917355372
Tulare,Harvest: Annual Variability,Forest Harvest,2004,2004,1.2949640287769786
Tuolumne,Harvest: Annual Variability,Forest Harvest,2004,2004,1.2857142857142856
Ventura,Harvest: Annual Variability,Forest Harvest,2004,2004,0
Yolo,Harvest: Annual Variability,Forest Harvest,2004,2004,0
Yuba,Harvest: Annual Variability,Forest Harvest,2004,2004,0.7941176470588236
Alameda,Harvest: Annual Variability,Forest Harvest,2005,2005,0
Alpine,Harvest: Annual Variability,Forest Harvest,2005,2005,0
Amador,Harvest: Annual Variability,Forest Harvest,2005,2005,1.68
Butte,Harvest: Annual Variability,Forest Harvest,2005,2005,2.124223602484472
Calaveras,Harvest: Annual Variability,Forest Harvest,2005,2005,0.1978021978021978
Colusa,Harvest: Annual Variability,Forest Harvest,2005,2005,0
Contra Costa,Harvest: Annual Variability,Forest Harvest,2005,2005,0
Del Norte,Harvest: Annual Variability,Forest Harvest,2005,2005,0.8852459016393442
El Dorado,Harvest: Annual Variability,Forest Harvest,2005,2005,1.302325581395349
Fresno,Harvest: Annual Variability,Forest Harvest,2005,2005,2.953125
Glenn,Harvest: Annual Variability,Forest Harvest,2005,2005,1.7307692307692306
Humboldt,Harvest: Annual Variability,Forest Harvest,2005,2005,1.3899613899613898
Imperial,Harvest: Annual Variability,Forest Harvest,2005,2005,0
Inyo,Harvest: Annual Variability,Forest Harvest,2005,2005,0
Kern,Harvest: Annual Variability,Forest Harvest,2005,2005,2.25
Kings,Harvest: Annual Variability,Forest Harvest,2005,2005,0
Lake,Harvest: Annual Variability,Forest Harvest,2005,2005,1.909090909090909
Lassen,Harvest: Annual Variability,Forest Harvest,2005,2005,1.0337078651685394
Los Angeles,Harvest: Annual Variability,Forest Harvest,2005,2005,0.75
Madera,Harvest: Annual Variability,Forest Harvest,2005,2005,1.8749999999999998
Marin,Harvest: Annual Variability,Forest Harvest,2005,2005,0
Mariposa,Harvest: Annual Variability,Forest Harvest,2005,2005,1.0465116279069768
Mendocino,Harvest: Annual Variability,Forest Harvest,2005,2005,1.3903966597077244
Merced,Harvest: Annual Variability,Forest Harvest,2005,2005,0
Modoc,Harvest: Annual Variability,Forest Harvest,2005,2005,0.402555910543131
Mono,Harvest: Annual Variability,Forest Harvest,2005,2005,2.2758620689655173
Monterey,Harvest: Annual Variability,Forest Harvest,2005,2005,0
Napa,Harvest: Annual Variability,Forest Harvest,2005,2005,1.2857142857142858
Nevada,Harvest: Annual Variability,Forest Harvest,2005,2005,1.647887323943662
Orange,Harvest: Annual Variability,Forest Harvest,2005,2005,0
Placer,Harvest: Annual Variability,Forest Harvest,2005,2005,0.8866995073891625
Plumas,Harvest: Annual Variability,Forest Harvest,2005,2005,1.3017456359102244
Riverside,Harvest: Annual Variability,Forest Harvest,2005,2005,1.6363636363636365
Sacramento,Harvest: Annual Variability,Forest Harvest,2005,2005,0
San Benito,Harvest: Annual Variability,Forest Harvest,2005,2005,0
San Bernardino,Harvest: Annual Variability,Forest Harvest,2005,2005,2.032258064516129
San Diego,Harvest: Annual Variability,Forest Harvest,2005,2005,0.36734693877551017
San Francisco,Harvest: Annual Variability,Forest Harvest,2005,2005,0
San Joaquin,Harvest: Annual Variability,Forest Harvest,2005,2005,0
San Luis Obispo,Harvest: Annual Variability,Forest Harvest,2005,2005,0
San Mateo,Harvest: Annual Variability,Forest Harvest,2005,2005,1.7142857142857142
Santa Barbara,Harvest: Annual Variability,Forest Harvest,2005,2005,0
Santa Clara,Harvest: Annual Variability,Forest Harvest,2005,2005,0
Santa Cruz,Harvest: Annual Variability,Forest Harvest,2005,2005,0.5901639344262295
Shasta,Harvest: Annual Variability,Forest Harvest,2005,2005,1.5984555984555984
Sierra Valley,Harvest: Annual Variability,Forest Harvest,2005,2005,1.880597014925373
Siskiyou,Harvest: Annual Variability,Forest Harvest,2005,2005,1.2225201072386058
Solano,Harvest: Annual Variability,Forest Harvest,2005,2005,0
Sonoma,Harvest: Annual Variability,Forest Harvest,2005,2005,0
Stanislaus,Harvest: Annual Variability,Forest Harvest,2005,2005,0
Sutter,Harvest: Annual Variability,Forest Harvest,2005,2005,0
Tehama,Harvest: Annual Variability,Forest Harvest,2005,2005,0.2706766917293233
Trinity,Harvest: Annual Variability,Forest Harvest,2005,2005,2.0082644628099175
Tulare,Harvest: Annual Variability,Forest Harvest,2005,2005,1.1654676258992807
Tuolumne,Harvest: Annual Variability,Forest Harvest,2005,2005,0.596938775510204
Ventura,Harvest: Annual Variability,Forest Harvest,2005,2005,0
Yolo,Harvest: Annual Variability,Forest Harvest,2005,2005,0
Yuba,Harvest: Annual Variability,Forest Harvest,2005,2005,2.1176470588235294
Alameda,Harvest: Annual Variability,Forest Harvest,2006,2006,0
Alpine,Harvest: Annual Variability,Forest Harvest,2006,2006,0
Amador,Harvest: Annual Variability,Forest Harvest,2006,2006,1.92
Butte,Harvest: Annual Variability,Forest Harvest,2006,2006,0.6708074534161491
Calaveras,Harvest: Annual Variability,Forest Harvest,2006,2006,2.2747252747252746
Colusa,Harvest: Annual Variability,Forest Harvest,2006,2006,0.4
Contra Costa,Harvest: Annual Variability,Forest Harvest,2006,2006,0
Del Norte,Harvest: Annual Variability,Forest Harvest,2006,2006,0.8852459016393442
El Dorado,Harvest: Annual Variability,Forest Harvest,2006,2006,1.9069767441860466
Fresno,Harvest: Annual Variability,Forest Harvest,2006,2006,0.28125
Glenn,Harvest: Annual Variability,Forest Harvest,2006,2006,1.0384615384615383
Humboldt,Harvest: Annual Variability,Forest Harvest,2006,2006,1.4594594594594594
Imperial,Harvest: Annual Variability,Forest Harvest,2006,2006,0
Inyo,Harvest: Annual Variability,Forest Harvest,2006,2006,0
Kern,Harvest: Annual Variability,Forest Harvest,2006,2006,1.125
Kings,Harvest: Annual Variability,Forest Harvest,2006,2006,0
Lake,Harvest: Annual Variability,Forest Harvest,2006,2006,1.3636363636363635
Lassen,Harvest: Annual Variability,Forest Harvest,2006,2006,1.6629213483146068
Los Angeles,Harvest: Annual Variability,Forest Harvest,2006,2006,0.1875
Madera,Harvest: Annual Variability,Forest Harvest,2006,2006,1.125
Marin,Harvest: Annual Variability,Forest Harvest,2006,2006,0
Mariposa,Harvest: Annual Variability,Forest Harvest,2006,2006,2.511627906976744
Mendocino,Harvest: Annual Variability,Forest Harvest,2006,2006,1.3903966597077244
Merced,Harvest: Annual Variability,Forest Harvest,2006,2006,0
Modoc,Harvest: Annual Variability,Forest Harvest,2006,2006,1.207667731629393
Mono,Harvest: Annual Variability,Forest Harvest,2006,2006,1.4482758620689655
Monterey,Harvest: Annual Variability,Forest Harvest,2006,2006,0
Napa,Harvest: Annual Variability,Forest Harvest,2006,2006,2.5714285714285716
Nevada,Harvest: Annual Variability,Forest Harvest,2006,2006,0.7605633802816901
Orange,Harvest: Annual Variability,Forest Harvest,2006,2006,0
Placer,Harvest: Annual Variability,Forest Harvest,2006,2006,0.7980295566502462
Plumas,Harvest: Annual Variability,Forest Harvest,2006,2006,0.5386533665835411
Riverside,Harvest: Annual Variability,Forest Harvest,2006,2006,2.290909090909091
Sacramento,Harvest: Annual Variability,Forest Harvest,2006,2006,0
San Benito,Harvest: Annual Variability,Forest Harvest,2006,2006,0
San Bernardino,Harvest: Annual Variability,Forest Harvest,2006,2006,1.4516129032258065
San Diego,Harvest: Annual Variability,Forest Harvest,2006,2006,1.836734693877551
San Francisco,Harvest: Annual Variability,Forest Harvest,2006,2006,0
San Joaquin,Harvest: Annual Variability,Forest Harvest,2006,2006,0
San Luis Obispo,Harvest: Annual Variability,Forest Harvest,2006,2006,0
San Mateo,Harvest: Annual Variability,Forest Harvest,2006,2006,0
Santa Barbara,Harvest: Annual Variability,Forest Harvest,2006,2006,0
Santa Clara,Harvest: Annual Variability,Forest Harvest,2006,2006,0
Santa Cruz,Harvest: Annual Variability,Forest Harvest,2006,2006,0
Shasta,Harvest: Annual Variability,Forest Harvest,2006,2006,0.8803088803088802
Sierra Valley,Harvest: Annual Variability,Forest Harvest,2006,2006,1.4328358208955223
Siskiyou,Harvest: Annual Variability,Forest Harvest,2006,2006,1.3029490616621984
Solano,Harvest: Annual Variability,Forest Harvest,2006,2006,0
Sonoma,Harvest: Annual Variability,Forest Harvest,2006,2006,1.2413793103448276
Stanislaus,Harvest: Annual Variability,Forest Harvest,2006,2006,0
Sutter,Harvest: Annual Variability,Forest Harvest,2006,2006,0
Tehama,Harvest: Annual Variability,Forest Harvest,2006,2006,1.6240601503759398
Trinity,Harvest: Annual Variability,Forest Harvest,2006,2006,0.8925619834710744
Tulare,Harvest: Annual Variability,Forest Harvest,2006,2006,1.0359712230215827
Tuolumne,Harvest: Annual Variability,Forest Harvest,2006,2006,1.5612244897959184
Ventura,Harvest: Annual Variability,Forest Harvest,2006,2006,0
Yolo,Harvest: Annual Variability,Forest Harvest,2006,2006,0
Yuba,Harvest: Annual Variability,Forest Harvest,2006,2006,0
Alameda,Harvest: Annual Variability,Forest Harvest,2007,2007,0
Alpine,Harvest: Annual Variability,Forest Harvest,2007,2007,0
Amador,Harvest: Annual Variability,Forest Harvest,2007,2007,0.72
Butte,Harvest: Annual Variability,Forest Harvest,2007,2007,1.7888198757763976
Calaveras,Harvest: Annual Variability,Forest Harvest,2007,2007,0.3956043956043956
Colusa,Harvest: Annual Variability,Forest Harvest,2007,2007,0
Contra Costa,Harvest: Annual Variability,Forest Harvest,2007,2007,0
Del Norte,Harvest: Annual Variability,Forest Harvest,2007,2007,0.5901639344262295
El Dorado,Harvest: Annual Variability,Forest Harvest,2007,2007,1.7209302325581395
Fresno,Harvest: Annual Variability,Forest Harvest,2007,2007,1.546875
Glenn,Harvest: Annual Variability,Forest Harvest,2007,2007,1.3846153846153846
Humboldt,Harvest: Annual Variability,Forest Harvest,2007,2007,2.0386100386100385
Imperial,Harvest: Annual Variability,Forest Harvest,2007,2007,0
Inyo,Harvest: Annual Variability,Forest Harvest,2007,2007,0
Kern,Harvest: Annual Variability,Forest Harvest,2007,2007,0.28125
Kings,Harvest: Annual Variability,Forest Harvest,2007,2007,0
Lake,Harvest: Annual Variability,Forest Harvest,2007,2007,1.6363636363636362
Lassen,Harvest: Annual Variability,Forest Harvest,2007,2007,0.20224719101123595
Los Angeles,Harvest: Annual Variability,Forest Harvest,2007,2007,0.375
Madera,Harvest: Annual Variability,Forest Harvest,2007,2007,1.5
Marin,Harvest: Annual Variability,Forest Harvest,2007,2007,0
Mariposa,Harvest: Annual Variability,Forest Harvest,2007,2007,2.9302325581395348
Mendocino,Harvest: Annual Variability,Forest Harvest,2007,2007,0.9018789144050103
Merced,Harvest: Annual Variability,Forest Harvest,2007,2007,0
Modoc,Harvest: Annual Variability,Forest Harvest,2007,2007,0.805111821086262
Mono,Harvest: Annual Variability,Forest Harvest,2007,2007,0.20689655172413793
Monterey,Harvest: Annual Variability,Forest Harvest,2007,2007,0
Napa,Harvest: Annual Variability,Forest Harvest,2007,2007,2.5714285714285716
Nevada,Harvest: Annual Variability,Forest Harvest,2007,2007,0.8873239436619718
Orange,Harvest: Annual Variability,Forest Harvest,2007,2007,0
Placer,Harvest: Annual Variability,Forest Harvest,2007,2007,1.6847290640394088
Plumas,Harvest: Annual Variability,Forest Harvest,2007,2007,0.8753117206982544
Riverside,Harvest: Annual Variability,Forest Harvest,2007,2007,1.9636363636363636
Sacramento,Harvest: Annual Variability,Forest Harvest,2007,2007,0
San Benito,Harvest: Annual Variability,Forest Harvest,2007,2007,0
San Bernardino,Harvest: Annual Variability,Forest Harvest,2007,2007,2.6129032258064515
San Diego,Harvest: Annual Variability,Forest Harvest,2007,2007,0.7346938775510203
San Francisco,Harvest: Annual Variability,Forest Harvest,2007,2007,0
San Joaquin,Harvest: Annual Variability,Forest Harvest,2007,2007,0
San Luis Obispo,Harvest: Annual Variability,Forest Harvest,2007,2007,0
San Mateo,Harvest: Annual Variability,Forest Harvest,2007,2007,0
Santa Barbara,Harvest: Annual Variability,Forest Harvest,2007,2007,0
Santa Clara,Harvest: Annual Variability,Forest Harvest,2007,2007,6.428571428571429
Santa Cruz,Harvest: Annual Variability,Forest Harvest,2007,2007,0.5901639344262295
Shasta,Harvest: Annual Variability,Forest Harvest,2007,2007,1.3667953667953667
Sierra Valley,Harvest: Annual Variability,Forest Harvest,2007,2007,1.3432835820895521
Siskiyou,Harvest: Annual Variability,Forest Harvest,2007,2007,2.155495978552279
Solano,Harvest: Annual Variability,Forest Harvest,2007,2007,0
Sonoma,Harvest: Annual Variability,Forest Harvest,2007,2007,1.2413793103448276
Stanislaus,Harvest: Annual Variability,Forest Harvest,2007,2007,0
Sutter,Harvest: Annual Variability,Forest Harvest,2007,2007,0
Tehama,Harvest: Annual Variability,Forest Harvest,2007,2007,0.6766917293233082
Trinity,Harvest: Annual Variability,Forest Harvest,2007,2007,1.4876033057851241
Tulare,Harvest: Annual Variability,Forest Harvest,2007,2007,0.5179856115107914
Tuolumne,Harvest: Annual Variability,Forest Harvest,2007,2007,1.423469387755102
Ventura,Harvest: Annual Variability,Forest Harvest,2007,2007,0
Yolo,Harvest: Annual Variability,Forest Harvest,2007,2007,0
Yuba,Harvest: Annual Variability,Forest Harvest,2007,2007,3.7058823529411766
Alameda,Harvest: Annual Variability,Forest Harvest,2008,2008,0
Alpine,Harvest: Annual Variability,Forest Harvest,2008,2008,0
Amador,Harvest: Annual Variability,Forest Harvest,2008,2008,0.72
Butte,Harvest: Annual Variability,Forest Harvest,2008,2008,0.4472049689440994
Calaveras,Harvest: Annual Variability,Forest Harvest,2008,2008,0.1978021978021978
Colusa,Harvest: Annual Variability,Forest Harvest,2008,2008,0.4
Contra Costa,Harvest: Annual Variability,Forest Harvest,2008,2008,0
Del Norte,Harvest: Annual Variability,Forest Harvest,2008,2008,2.065573770491803
El Dorado,Harvest: Annual Variability,Forest Harvest,2008,2008,0.9767441860465116
Fresno,Harvest: Annual Variability,Forest Harvest,2008,2008,2.25
Glenn,Harvest: Annual Variability,Forest Harvest,2008,2008,1.0384615384615383
Humboldt,Harvest: Annual Variability,Forest Harvest,2008,2008,0.9266409266409266
Imperial,Harvest: Annual Variability,Forest Harvest,2008,2008,0
Inyo,Harvest: Annual Variability,Forest Harvest,2008,2008,0
Kern,Harvest: Annual Variability,Forest Harvest,2008,2008,0.28125
Kings,Harvest: Annual Variability,Forest Harvest,2008,2008,0
Lake,Harvest: Annual Variability,Forest Harvest,2008,2008,0
Lassen,Harvest: Annual Variability,Forest Harvest,2008,2008,1.0786516853932584
Los Angeles,Harvest: Annual Variability,Forest Harvest,2008,2008,1.125
Madera,Harvest: Annual Variability,Forest Harvest,2008,2008,1.5
Marin,Harvest: Annual Variability,Forest Harvest,2008,2008,0
Mariposa,Harvest: Annual Variability,Forest Harvest,2008,2008,1.0465116279069768
Mendocino,Harvest: Annual Variability,Forest Harvest,2008,2008,1.3152400835073068
Merced,Harvest: Annual Variability,Forest Harvest,2008,2008,0
Modoc,Harvest: Annual Variability,Forest Harvest,2008,2008,1.207667731629393
Mono,Harvest: Annual Variability,Forest Harvest,2008,2008,0.8275862068965517
Monterey,Harvest: Annual Variability,Forest Harvest,2008,2008,0
Napa,Harvest: Annual Variability,Forest Harvest,2008,2008,0
Nevada,Harvest: Annual Variability,Forest Harvest,2008,2008,0.5070422535211268
Orange,Harvest: Annual Variability,Forest Harvest,2008,2008,0
Placer,Harvest: Annual Variability,Forest Harvest,2008,2008,0.9753694581280787
Plumas,Harvest: Annual Variability,Forest Harvest,2008,2008,1.6384039900249376
Riverside,Harvest: Annual Variability,Forest Harvest,2008,2008,2.290909090909091
Sacramento,Harvest: Annual Variability,Forest Harvest,2008,2008,0
San Benito,Harvest: Annual Variability,Forest Harvest,2008,2008,0
San Bernardino,Harvest: Annual Variability,Forest Harvest,2008,2008,1.7419354838709677
San Diego,Harvest: Annual Variability,Forest Harvest,2008,2008,1.4693877551020407
San Francisco,Harvest: Annual Variability,Forest Harvest,2008,2008,0
San Joaquin,Harvest: Annual Variability,Forest Harvest,2008,2008,0
San Luis Obispo,Harvest: Annual Variability,Forest Harvest,2008,2008,0
San Mateo,Harvest: Annual Variability,Forest Harvest,2008,2008,0
Santa Barbara,Harvest: Annual Variability,Forest Harvest,2008,2008,0
Santa Clara,Harvest: Annual Variability,Forest Harvest,2008,2008,0
Santa Cruz,Harvest: Annual Variability,Forest Harvest,2008,2008,0.8852459016393442
Shasta,Harvest: Annual Variability,Forest Harvest,2008,2008,2.3861003861003858
Sierra Valley,Harvest: Annual Variability,Forest Harvest,2008,2008,1.880597014925373
Siskiyou,Harvest: Annual Variability,Forest Harvest,2008,2008,1.9624664879356568
Solano,Harvest: Annual Variability,Forest Harvest,2008,2008,0
Sonoma,Harvest: Annual Variability,Forest Harvest,2008,2008,0
Stanislaus,Harvest: Annual Variability,Forest Harvest,2008,2008,0
Sutter,Harvest: Annual Variability,Forest Harvest,2008,2008,0
Tehama,Harvest: Annual Variability,Forest Harvest,2008,2008,1.7593984962406015
Trinity,Harvest: Annual Variability,Forest Harvest,2008,2008,2.0082644628099175
Tulare,Harvest: Annual Variability,Forest Harvest,2008,2008,0.5179856115107914
Tuolumne,Harvest: Annual Variability,Forest Harvest,2008,2008,1.2397959183673468
Ventura,Harvest: Annual Variability,Forest Harvest,2008,2008,0
Yolo,Harvest: Annual Variability,Forest Harvest,2008,2008,0
Yuba,Harvest: Annual Variability,Forest Harvest,2008,2008,0.2647058823529412
Alameda,Harvest: Annual Variability,Forest Harvest,2009,2009,0
Alpine,Harvest: Annual Variability,Forest Harvest,2009,2009,0
Amador,Harvest: Annual Variability,Forest Harvest,2009,2009,1.2
Butte,Harvest: Annual Variability,Forest Harvest,2009,2009,0.4472049689440994
Calaveras,Harvest: Annual Variability,Forest Harvest,2009,2009,0.3956043956043956
Colusa,Harvest: Annual Variability,Forest Harvest,2009,2009,0
Contra Costa,Harvest: Annual Variability,Forest Harvest,2009,2009,0
Del Norte,Harvest: Annual Variability,Forest Harvest,2009,2009,0.8852459016393442
El Dorado,Harvest: Annual Variability,Forest Harvest,2009,2009,0.9767441860465116
Fresno,Harvest: Annual Variability,Forest Harvest,2009,2009,0.7734375
Glenn,Harvest: Annual Variability,Forest Harvest,2009,2009,1.7307692307692306
Humboldt,Harvest: Annual Variability,Forest Harvest,2009,2009,0.718146718146718
Imperial,Harvest: Annual Variability,Forest Harvest,2009,2009,0
Inyo,Harvest: Annual Variability,Forest Harvest,2009,2009,0
Kern,Harvest: Annual Variability,Forest Harvest,2009,2009,1.125
Kings,Harvest: Annual Variability,Forest Harvest,2009,2009,0
Lake,Harvest: Annual Variability,Forest Harvest,2009,2009,0
Lassen,Harvest: Annual Variability,Forest Harvest,2009,2009,0.5617977528089888
Los Angeles,Harvest: Annual Variability,Forest Harvest,2009,2009,1.125
Madera,Harvest: Annual Variability,Forest Harvest,2009,2009,1.5
Marin,Harvest: Annual Variability,Forest Harvest,2009,2009,0
Mariposa,Harvest: Annual Variability,Forest Harvest,2009,2009,1.255813953488372
Mendocino,Harvest: Annual Variability,Forest Harvest,2009,2009,0.6764091858037578
Merced,Harvest: Annual Variability,Forest Harvest,2009,2009,0
Modoc,Harvest: Annual Variability,Forest Harvest,2009,2009,1.610223642172524
Mono,Harvest: Annual Variability,Forest Harvest,2009,2009,1.2413793103448276
Monterey,Harvest: Annual Variability,Forest Harvest,2009,2009,0
Napa,Harvest: Annual Variability,Forest Harvest,2009,2009,0
Nevada,Harvest: Annual Variability,Forest Harvest,2009,2009,0.38028169014084506
Orange,Harvest: Annual Variability,Forest Harvest,2009,2009,0
Placer,Harvest: Annual Variability,Forest Harvest,2009,2009,0.44334975369458124
Plumas,Harvest: Annual Variability,Forest Harvest,2009,2009,1.5037406483790523
Riverside,Harvest: Annual Variability,Forest Harvest,2009,2009,0.32727272727272727
Sacramento,Harvest: Annual Variability,Forest Harvest,2009,2009,0
San Benito,Harvest: Annual Variability,Forest Harvest,2009,2009,0
San Bernardino,Harvest: Annual Variability,Forest Harvest,2009,2009,0.29032258064516125
San Diego,Harvest: Annual Variability,Forest Harvest,2009,2009,0.36734693877551017
San Francisco,Harvest: Annual Variability,Forest Harvest,2009,2009,0
San Joaquin,Harvest: Annual Variability,Forest Harvest,2009,2009,0
San Luis Obispo,Harvest: Annual Variability,Forest Harvest,2009,2009,0
San Mateo,Harvest: Annual Variability,Forest Harvest,2009,2009,0
Santa Barbara,Harvest: Annual Variability,Forest Harvest,2009,2009,0
Santa Clara,Harvest: Annual Variability,Forest Harvest,2009,2009,0
Santa Cruz,Harvest: Annual Variability,Forest Harvest,2009,2009,0.29508196721311475
Shasta,Harvest: Annual Variability,Forest Harvest,2009,2009,1.6447876447876446
Sierra Valley,Harvest: Annual Variability,Forest Harvest,2009,2009,0.5373134328358209
Siskiyou,Harvest: Annual Variability,Forest Harvest,2009,2009,0.8364611260053619
Solano,Harvest: Annual Variability,Forest Harvest,2009,2009,0
Sonoma,Harvest: Annual Variability,Forest Harvest,2009,2009,0.6206896551724138
Stanislaus,Harvest: Annual Variability,Forest Harvest,2009,2009,0
Sutter,Harvest: Annual Variability,Forest Harvest,2009,2009,0
Tehama,Harvest: Annual Variability,Forest Harvest,2009,2009,3.1127819548872178
Trinity,Harvest: Annual Variability,Forest Harvest,2009,2009,0.5206611570247934
Tulare,Harvest: Annual Variability,Forest Harvest,2009,2009,0.7769784172661871
Tuolumne,Harvest: Annual Variability,Forest Harvest,2009,2009,0.9183673469387755
Ventura,Harvest: Annual Variability,Forest Harvest,2009,2009,0
Yolo,Harvest: Annual Variability,Forest Harvest,2009,2009,0
Yuba,Harvest: Annual Variability,Forest Harvest,2009,2009,0.2647058823529412
Alameda,Harvest: Annual Variability,Forest Harvest,2010,2010,0
Alpine,Harvest: Annual Variability,Forest Harvest,2010,2010,1.6363636363636362
Amador,Harvest: Annual Variability,Forest Harvest,2010,2010,0
Butte,Harvest: Annual Variability,Forest Harvest,2010,2010,0.782608695652174
Calaveras,Harvest: Annual Variability,Forest Harvest,2010,2010,0
Colusa,Harvest: Annual Variability,Forest Harvest,2010,2010,0
Contra Costa,Harvest: Annual Variability,Forest Harvest,2010,2010,0
Del Norte,Harvest: Annual Variability,Forest Harvest,2010,2010,1.180327868852459
El Dorado,Harvest: Annual Variability,Forest Harvest,2010,2010,0.4186046511627907
Fresno,Harvest: Annual Variability,Forest Harvest,2010,2010,0.984375
Glenn,Harvest: Annual Variability,Forest Harvest,2010,2010,1.7307692307692306
Humboldt,Harvest: Annual Variability,Forest Harvest,2010,2010,0.5096525096525096
Imperial,Harvest: Annual Variability,Forest Harvest,2010,2010,0
Inyo,Harvest: Annual Variability,Forest Harvest,2010,2010,0
Kern,Harvest: Annual Variability,Forest Harvest,2010,2010,0.84375
Kings,Harvest: Annual Variability,Forest Harvest,2010,2010,0
Lake,Harvest: Annual Variability,Forest Harvest,2010,2010,0.2727272727272727
Lassen,Harvest: Annual Variability,Forest Harvest,2010,2010,0.3146067415730337
Los Angeles,Harvest: Annual Variability,Forest Harvest,2010,2010,0.1875
Madera,Harvest: Annual Variability,Forest Harvest,2010,2010,0.9374999999999999
Marin,Harvest: Annual Variability,Forest Harvest,2010,2010,18
Mariposa,Harvest: Annual Variability,Forest Harvest,2010,2010,1.0465116279069768
Mendocino,Harvest: Annual Variability,Forest Harvest,2010,2010,0.2630480167014614
Merced,Harvest: Annual Variability,Forest Harvest,2010,2010,0
Modoc,Harvest: Annual Variability,Forest Harvest,2010,2010,0.46006389776357826
Mono,Harvest: Annual Variability,Forest Harvest,2010,2010,0.8275862068965517
Monterey,Harvest: Annual Variability,Forest Harvest,2010,2010,0
Napa,Harvest: Annual Variability,Forest Harvest,2010,2010,0
Nevada,Harvest: Annual Variability,Forest Harvest,2010,2010,0.5070422535211268
Orange,Harvest: Annual Variability,Forest Harvest,2010,2010,2.5714285714285716
Placer,Harvest: Annual Variability,Forest Harvest,2010,2010,0.5320197044334976
Plumas,Harvest: Annual Variability,Forest Harvest,2010,2010,0.5835411471321695
Riverside,Harvest: Annual Variability,Forest Harvest,2010,2010,0.6545454545454545
Sacramento,Harvest: Annual Variability,Forest Harvest,2010,2010,0
San Benito,Harvest: Annual Variability,Forest Harvest,2010,2010,0
San Bernardino,Harvest: Annual Variability,Forest Harvest,2010,2010,2.903225806451613
San Diego,Harvest: Annual Variability,Forest Harvest,2010,2010,1.836734693877551
San Francisco,Harvest: Annual Variability,Forest Harvest,2010,2010,0
San Joaquin,Harvest: Annual Variability,Forest Harvest,2010,2010,0
San Luis Obispo,Harvest: Annual Variability,Forest Harvest,2010,2010,0
San Mateo,Harvest: Annual Variability,Forest Harvest,2010,2010,0
Santa Barbara,Harvest: Annual Variability,Forest Harvest,2010,2010,0
Santa Clara,Harvest: Annual Variability,Forest Harvest,2010,2010,0
Santa Cruz,Harvest: Annual Variability,Forest Harvest,2010,2010,0.5901639344262295
Shasta,Harvest: Annual Variability,Forest Harvest,2010,2010,0.9498069498069497
Sierra Valley,Harvest: Annual Variability,Forest Harvest,2010,2010,1.0746268656716418
Siskiyou,Harvest: Annual Variability,Forest Harvest,2010,2010,0.5790884718498659
Solano,Harvest: Annual Variability,Forest Harvest,2010,2010,0
Sonoma,Harvest: Annual Variability,Forest Harvest,2010,2010,1.2413793103448276
Stanislaus,Harvest: Annual Variability,Forest Harvest,2010,2010,0
Sutter,Harvest: Annual Variability,Forest Harvest,2010,2010,0
Tehama,Harvest: Annual Variability,Forest Harvest,2010,2010,1.6240601503759398
Trinity,Harvest: Annual Variability,Forest Harvest,2010,2010,2.3057851239669422
Tulare,Harvest: Annual Variability,Forest Harvest,2010,2010,0.6474820143884893
Tuolumne,Harvest: Annual Variability,Forest Harvest,2010,2010,0.45918367346938777
Ventura,Harvest: Annual Variability,Forest Harvest,2010,2010,0
Yolo,Harvest: Annual Variability,Forest Harvest,2010,2010,0
Yuba,Harvest: Annual Variability,Forest Harvest,2010,2010,0.2647058823529412
Alameda,Harvest: Annual Variability,Forest Harvest,2011,2011,0
Alpine,Harvest: Annual Variability,Forest Harvest,2011,2011,0
Amador,Harvest: Annual Variability,Forest Harvest,2011,2011,0.48
Butte,Harvest: Annual Variability,Forest Harvest,2011,2011,0.6708074534161491
Calaveras,Harvest: Annual Variability,Forest Harvest,2011,2011,0.4945054945054945
Colusa,Harvest: Annual Variability,Forest Harvest,2011,2011,0
Contra Costa,Harvest: Annual Variability,Forest Harvest,2011,2011,18
Del Norte,Harvest: Annual Variability,Forest Harvest,2011,2011,0.29508196721311475
El Dorado,Harvest: Annual Variability,Forest Harvest,2011,2011,0.7906976744186046
Fresno,Harvest: Annual Variability,Forest Harvest,2011,2011,0.0703125
Glenn,Harvest: Annual Variability,Forest Harvest,2011,2011,1.0384615384615383
Humboldt,Harvest: Annual Variability,Forest Harvest,2011,2011,0.7876447876447876
Imperial,Harvest: Annual Variability,Forest Harvest,2011,2011,0
Inyo,Harvest: Annual Variability,Forest Harvest,2011,2011,0
Kern,Harvest: Annual Variability,Forest Harvest,2011,2011,2.8125
Kings,Harvest: Annual Variability,Forest Harvest,2011,2011,0
Lake,Harvest: Annual Variability,Forest Harvest,2011,2011,0
Lassen,Harvest: Annual Variability,Forest Harvest,2011,2011,0.7191011235955056
Los Angeles,Harvest: Annual Variability,Forest Harvest,2011,2011,0.75
Madera,Harvest: Annual Variability,Forest Harvest,2011,2011,2.0625
Marin,Harvest: Annual Variability,Forest Harvest,2011,2011,0
Mariposa,Harvest: Annual Variability,Forest Harvest,2011,2011,1.6744186046511629
Mendocino,Harvest: Annual Variability,Forest Harvest,2011,2011,0.6764091858037578
Merced,Harvest: Annual Variability,Forest Harvest,2011,2011,0
Modoc,Harvest: Annual Variability,Forest Harvest,2011,2011,2.070287539936102
Mono,Harvest: Annual Variability,Forest Harvest,2011,2011,0.6206896551724138
Monterey,Harvest: Annual Variability,Forest Harvest,2011,2011,6
Napa,Harvest: Annual Variability,Forest Harvest,2011,2011,1.2857142857142858
Nevada,Harvest: Annual Variability,Forest Harvest,2011,2011,0.6338028169014084
Orange,Harvest: Annual Variability,Forest Harvest,2011,2011,2.5714285714285716
Placer,Harvest: Annual Variability,Forest Harvest,2011,2011,1.5073891625615763
Plumas,Harvest: Annual Variability,Forest Harvest,2011,2011,0.5162094763092269
Riverside,Harvest: Annual Variability,Forest Harvest,2011,2011,1.6363636363636365
Sacramento,Harvest: Annual Variability,Forest Harvest,2011,2011,0
San Benito,Harvest: Annual Variability,Forest Harvest,2011,2011,0
San Bernardino,Harvest: Annual Variability,Forest Harvest,2011,2011,1.7419354838709677
San Diego,Harvest: Annual Variability,Forest Harvest,2011,2011,1.4693877551020407
San Francisco,Harvest: Annual Variability,Forest Harvest,2011,2011,0
San Joaquin,Harvest: Annual Variability,Forest Harvest,2011,2011,0
San Luis Obispo,Harvest: Annual Variability,Forest Harvest,2011,2011,16.153846153846153
San Mateo,Harvest: Annual Variability,Forest Harvest,2011,2011,3.4285714285714284
Santa Barbara,Harvest: Annual Variability,Forest Harvest,2011,2011,0
Santa Clara,Harvest: Annual Variability,Forest Harvest,2011,2011,0
Santa Cruz,Harvest: Annual Variability,Forest Harvest,2011,2011,2.360655737704918
Shasta,Harvest: Annual Variability,Forest Harvest,2011,2011,1.3667953667953667
Sierra Valley,Harvest: Annual Variability,Forest Harvest,2011,2011,0.8059701492537313
Siskiyou,Harvest: Annual Variability,Forest Harvest,2011,2011,1.5120643431635388
Solano,Harvest: Annual Variability,Forest Harvest,2011,2011,0
Sonoma,Harvest: Annual Variability,Forest Harvest,2011,2011,0
Stanislaus,Harvest: Annual Variability,Forest Harvest,2011,2011,18
Sutter,Harvest: Annual Variability,Forest Harvest,2011,2011,0
Tehama,Harvest: Annual Variability,Forest Harvest,2011,2011,0.9473684210526315
Trinity,Harvest: Annual Variability,Forest Harvest,2011,2011,0.6694214876033059
Tulare,Harvest: Annual Variability,Forest Harvest,2011,2011,0.7769784172661871
Tuolumne,Harvest: Annual Variability,Forest Harvest,2011,2011,0.22959183673469388
Ventura,Harvest: Annual Variability,Forest Harvest,2011,2011,3
Yolo,Harvest: Annual Variability,Forest Harvest,2011,2011,0
Yuba,Harvest: Annual Variability,Forest Harvest,2011,2011,1.8529411764705883
Alameda,Harvest: Annual Variability,Forest Harvest,2012,2012,0
Alpine,Harvest: Annual Variability,Forest Harvest,2012,2012,0
Amador,Harvest: Annual Variability,Forest Harvest,2012,2012,0.24
Butte,Harvest: Annual Variability,Forest Harvest,2012,2012,0.4472049689440994
Calaveras,Harvest: Annual Variability,Forest Harvest,2012,2012,0.0989010989010989
Colusa,Harvest: Annual Variability,Forest Harvest,2012,2012,0
Contra Costa,Harvest: Annual Variability,Forest Harvest,2012,2012,0
Del Norte,Harvest: Annual Variability,Forest Harvest,2012,2012,0
El Dorado,Harvest: Annual Variability,Forest Harvest,2012,2012,0.13953488372093023
Fresno,Harvest: Annual Variability,Forest Harvest,2012,2012,0.2109375
Glenn,Harvest: Annual Variability,Forest Harvest,2012,2012,0
Humboldt,Harvest: Annual Variability,Forest Harvest,2012,2012,0.6023166023166022
Imperial,Harvest: Annual Variability,Forest Harvest,2012,2012,0
Inyo,Harvest: Annual Variability,Forest Harvest,2012,2012,0
Kern,Harvest: Annual Variability,Forest Harvest,2012,2012,0
Kings,Harvest: Annual Variability,Forest Harvest,2012,2012,0
Lake,Harvest: Annual Variability,Forest Harvest,2012,2012,0
Lassen,Harvest: Annual Variability,Forest Harvest,2012,2012,1.0337078651685394
Los Angeles,Harvest: Annual Variability,Forest Harvest,2012,2012,1.8749999999999998
Madera,Harvest: Annual Variability,Forest Harvest,2012,2012,0.9374999999999999
Marin,Harvest: Annual Variability,Forest Harvest,2012,2012,0
Mariposa,Harvest: Annual Variability,Forest Harvest,2012,2012,0.20930232558139536
Mendocino,Harvest: Annual Variability,Forest Harvest,2012,2012,0.30062630480167013
Merced,Harvest: Annual Variability,Forest Harvest,2012,2012,0
Modoc,Harvest: Annual Variability,Forest Harvest,2012,2012,0.28753993610223644
Mono,Harvest: Annual Variability,Forest Harvest,2012,2012,0.8275862068965517
Monterey,Harvest: Annual Variability,Forest Harvest,2012,2012,0
Napa,Harvest: Annual Variability,Forest Harvest,2012,2012,1.2857142857142858
Nevada,Harvest: Annual Variability,Forest Harvest,2012,2012,0.1267605633802817
Orange,Harvest: Annual Variability,Forest Harvest,2012,2012,5.142857142857143
Placer,Harvest: Annual Variability,Forest Harvest,2012,2012,0.2660098522167488
Plumas,Harvest: Annual Variability,Forest Harvest,2012,2012,0.42643391521197005
Riverside,Harvest: Annual Variability,Forest Harvest,2012,2012,1.6363636363636365
Sacramento,Harvest: Annual Variability,Forest Harvest,2012,2012,0
San Benito,Harvest: Annual Variability,Forest Harvest,2012,2012,0
San Bernardino,Harvest: Annual Variability,Forest Harvest,2012,2012,0.5806451612903225
San Diego,Harvest: Annual Variability,Forest Harvest,2012,2012,1.4693877551020407
San Francisco,Harvest: Annual Variability,Forest Harvest,2012,2012,0
San Joaquin,Harvest: Annual Variability,Forest Harvest,2012,2012,0
San Luis Obispo,Harvest: Annual Variability,Forest Harvest,2012,2012,0.46153846153846156
San Mateo,Harvest: Annual Variability,Forest Harvest,2012,2012,0.8571428571428571
Santa Barbara,Harvest: Annual Variability,Forest Harvest,2012,2012,6
Santa Clara,Harvest: Annual Variability,Forest Harvest,2012,2012,1.2857142857142858
Santa Cruz,Harvest: Annual Variability,Forest Harvest,2012,2012,2.6557377049180326
Shasta,Harvest: Annual Variability,Forest Harvest,2012,2012,0.7644787644787644
Sierra Valley,Harvest: Annual Variability,Forest Harvest,2012,2012,0.626865671641791
Siskiyou,Harvest: Annual Variability,Forest Harvest,2012,2012,0.5790884718498659
Solano,Harvest: Annual Variability,Forest Harvest,2012,2012,0
Sonoma,Harvest: Annual Variability,Forest Harvest,2012,2012,0.9310344827586207
Stanislaus,Harvest: Annual Variability,Forest Harvest,2012,2012,0
Sutter,Harvest: Annual Variability,Forest Harvest,2012,2012,0
Tehama,Harvest: Annual Variability,Forest Harvest,2012,2012,0.5413533834586466
Trinity,Harvest: Annual Variability,Forest Harvest,2012,2012,0.6694214876033059
Tulare,Harvest: Annual Variability,Forest Harvest,2012,2012,1.4244604316546763
Tuolumne,Harvest: Annual Variability,Forest Harvest,2012,2012,0.1377551020408163
Ventura,Harvest: Annual Variability,Forest Harvest,2012,2012,0
Yolo,Harvest: Annual Variability,Forest Harvest,2012,2012,0
Yuba,Harvest: Annual Variability,Forest Harvest,2012,2012,0
Alameda,Harvest: Annual Variability,Forest Harvest,2013,2013,0
Alpine,Harvest: Annual Variability,Forest Harvest,2013,2013,0
Amador,Harvest: Annual Variability,Forest Harvest,2013,2013,0.96
Butte,Harvest: Annual Variability,Forest Harvest,2013,2013,1.0062111801242235
Calaveras,Harvest: Annual Variability,Forest Harvest,2013,2013,0.989010989010989
Colusa,Harvest: Annual Variability,Forest Harvest,2013,2013,15.2
Contra Costa,Harvest: Annual Variability,Forest Harvest,2013,2013,0
Del Norte,Harvest: Annual Variability,Forest Harvest,2013,2013,0
El Dorado,Harvest: Annual Variability,Forest Harvest,2013,2013,0.5116279069767442
Fresno,Harvest: Annual Variability,Forest Harvest,2013,2013,0.9140625
Glenn,Harvest: Annual Variability,Forest Harvest,2013,2013,0.6923076923076923
Humboldt,Harvest: Annual Variability,Forest Harvest,2013,2013,0.3243243243243243
Imperial,Harvest: Annual Variability,Forest Harvest,2013,2013,18
Inyo,Harvest: Annual Variability,Forest Harvest,2013,2013,0
Kern,Harvest: Annual Variability,Forest Harvest,2013,2013,3.375
Kings,Harvest: Annual Variability,Forest Harvest,2013,2013,0
Lake,Harvest: Annual Variability,Forest Harvest,2013,2013,2.4545454545454546
Lassen,Harvest: Annual Variability,Forest Harvest,2013,2013,0.29213483146067415
Los Angeles,Harvest: Annual Variability,Forest Harvest,2013,2013,3.5624999999999996
Madera,Harvest: Annual Variability,Forest Harvest,2013,2013,1.125
Marin,Harvest: Annual Variability,Forest Harvest,2013,2013,0
Mariposa,Harvest: Annual Variability,Forest Harvest,2013,2013,0.20930232558139536
Mendocino,Harvest: Annual Variability,Forest Harvest,2013,2013,0.30062630480167013
Merced,Harvest: Annual Variability,Forest Harvest,2013,2013,0
Modoc,Harvest: Annual Variability,Forest Harvest,2013,2013,0.5750798722044729
Mono,Harvest: Annual Variability,Forest Harvest,2013,2013,0.6206896551724138
Monterey,Harvest: Annual Variability,Forest Harvest,2013,2013,6
Napa,Harvest: Annual Variability,Forest Harvest,2013,2013,0
Nevada,Harvest: Annual Variability,Forest Harvest,2013,2013,0.38028169014084506
Orange,Harvest: Annual Variability,Forest Harvest,2013,2013,2.5714285714285716
Placer,Harvest: Annual Variability,Forest Harvest,2013,2013,0.8866995073891625
Plumas,Harvest: Annual Variability,Forest Harvest,2013,2013,0.7855361596009975
Riverside,Harvest: Annual Variability,Forest Harvest,2013,2013,1.6363636363636365
Sacramento,Harvest: Annual Variability,Forest Harvest,2013,2013,0
San Benito,Harvest: Annual Variability,Forest Harvest,2013,2013,0
San Bernardino,Harvest: Annual Variability,Forest Harvest,2013,2013,1.161290322580645
San Diego,Harvest: Annual Variability,Forest Harvest,2013,2013,2.571428571428571
San Francisco,Harvest: Annual Variability,Forest Harvest,2013,2013,0
San Joaquin,Harvest: Annual Variability,Forest Harvest,2013,2013,0
San Luis Obispo,Harvest: Annual Variability,Forest Harvest,2013,2013,0
San Mateo,Harvest: Annual Variability,Forest Harvest,2013,2013,0
Santa Barbara,Harvest: Annual Variability,Forest Harvest,2013,2013,0
Santa Clara,Harvest: Annual Variability,Forest Harvest,2013,2013,1.2857142857142858
Santa Cruz,Harvest: Annual Variability,Forest Harvest,2013,2013,0
Shasta,Harvest: Annual Variability,Forest Harvest,2013,2013,0.8803088803088802
Sierra Valley,Harvest: Annual Variability,Forest Harvest,2013,2013,0.8059701492537313
Siskiyou,Harvest: Annual Variability,Forest Harvest,2013,2013,0.8042895442359249
Solano,Harvest: Annual Variability,Forest Harvest,2013,2013,18
Sonoma,Harvest: Annual Variability,Forest Harvest,2013,2013,0.3103448275862069
Stanislaus,Harvest: Annual Variability,Forest Harvest,2013,2013,0
Sutter,Harvest: Annual Variability,Forest Harvest,2013,2013,0
Tehama,Harvest: Annual Variability,Forest Harvest,2013,2013,0.6766917293233082
Trinity,Harvest: Annual Variability,Forest Harvest,2013,2013,0.8925619834710744
Tulare,Harvest: Annual Variability,Forest Harvest,2013,2013,2.0719424460431655
Tuolumne,Harvest: Annual Variability,Forest Harvest,2013,2013,0.09183673469387754
Ventura,Harvest: Annual Variability,Forest Harvest,2013,2013,0
Yolo,Harvest: Annual Variability,Forest Harvest,2013,2013,0
Yuba,Harvest: Annual Variability,Forest Harvest,2013,2013,0.7941176470588236
Alameda,Harvest: Annual Variability,Forest Harvest,2014,2014,0
Alpine,Harvest: Annual Variability,Forest Harvest,2014,2014,0
Amador,Harvest: Annual Variability,Forest Harvest,2014,2014,0.48
Butte,Harvest: Annual Variability,Forest Harvest,2014,2014,0.11180124223602485
Calaveras,Harvest: Annual Variability,Forest Harvest,2014,2014,0
Colusa,Harvest: Annual Variability,Forest Harvest,2014,2014,0
Contra Costa,Harvest: Annual Variability,Forest Harvest,2014,2014,0
Del Norte,Harvest: Annual Variability,Forest Harvest,2014,2014,0.8852459016393442
El Dorado,Harvest: Annual Variability,Forest Harvest,2014,2014,0.23255813953488372
Fresno,Harvest: Annual Variability,Forest Harvest,2014,2014,0.703125
Glenn,Harvest: Annual Variability,Forest Harvest,2014,2014,0.34615384615384615
Humboldt,Harvest: Annual Variability,Forest Harvest,2014,2014,0.3011583011583011
Imperial,Harvest: Annual Variability,Forest Harvest,2014,2014,0
Inyo,Harvest: Annual Variability,Forest Harvest,2014,2014,0
Kern,Harvest: Annual Variability,Forest Harvest,2014,2014,1.40625
Kings,Harvest: Annual Variability,Forest Harvest,2014,2014,0
Lake,Harvest: Annual Variability,Forest Harvest,2014,2014,0.5454545454545454
Lassen,Harvest: Annual Variability,Forest Harvest,2014,2014,0.20224719101123595
Los Angeles,Harvest: Annual Variability,Forest Harvest,2014,2014,3.5624999999999996
Madera,Harvest: Annual Variability,Forest Harvest,2014,2014,0.75
Marin,Harvest: Annual Variability,Forest Harvest,2014,2014,0
Mariposa,Harvest: Annual Variability,Forest Harvest,2014,2014,0.20930232558139536
Mendocino,Harvest: Annual Variability,Forest Harvest,2014,2014,0.15031315240083507
Merced,Harvest: Annual Variability,Forest Harvest,2014,2014,0
Modoc,Harvest: Annual Variability,Forest Harvest,2014,2014,0.3450479233226837
Mono,Harvest: Annual Variability,Forest Harvest,2014,2014,0.8275862068965517
Monterey,Harvest: Annual Variability,Forest Harvest,2014,2014,2
Napa,Harvest: Annual Variability,Forest Harvest,2014,2014,1.2857142857142858
Nevada,Harvest: Annual Variability,Forest Harvest,2014,2014,0.5070422535211268
Orange,Harvest: Annual Variability,Forest Harvest,2014,2014,5.142857142857143
Placer,Harvest: Annual Variability,Forest Harvest,2014,2014,0.44334975369458124
Plumas,Harvest: Annual Variability,Forest Harvest,2014,2014,0.5610972568578554
Riverside,Harvest: Annual Variability,Forest Harvest,2014,2014,0.32727272727272727
Sacramento,Harvest: Annual Variability,Forest Harvest,2014,2014,0
San Benito,Harvest: Annual Variability,Forest Harvest,2014,2014,0
San Bernardino,Harvest: Annual Variability,Forest Harvest,2014,2014,0.8709677419354839
San Diego,Harvest: Annual Variability,Forest Harvest,2014,2014,1.4693877551020407
San Francisco,Harvest: Annual Variability,Forest Harvest,2014,2014,0
San Joaquin,Harvest: Annual Variability,Forest Harvest,2014,2014,0
San Luis Obispo,Harvest: Annual Variability,Forest Harvest,2014,2014,0
San Mateo,Harvest: Annual Variability,Forest Harvest,2014,2014,0.8571428571428571
Santa Barbara,Harvest: Annual Variability,Forest Harvest,2014,2014,0
Santa Clara,Harvest: Annual Variability,Forest Harvest,2014,2014,1.2857142857142858
Santa Cruz,Harvest: Annual Variability,Forest Harvest,2014,2014,0
Shasta,Harvest: Annual Variability,Forest Harvest,2014,2014,0.9498069498069497
Sierra Valley,Harvest: Annual Variability,Forest Harvest,2014,2014,0.3582089552238806
Siskiyou,Harvest: Annual Variability,Forest Harvest,2014,2014,0.7882037533512064
Solano,Harvest: Annual Variability,Forest Harvest,2014,2014,0
Sonoma,Harvest: Annual Variability,Forest Harvest,2014,2014,0.3103448275862069
Stanislaus,Harvest: Annual Variability,Forest Harvest,2014,2014,0
Sutter,Harvest: Annual Variability,Forest Harvest,2014,2014,0
Tehama,Harvest: Annual Variability,Forest Harvest,2014,2014,0.40601503759398494
Trinity,Harvest: Annual Variability,Forest Harvest,2014,2014,0.7438016528925621
Tulare,Harvest: Annual Variability,Forest Harvest,2014,2014,0.12949640287769784
Tuolumne,Harvest: Annual Variability,Forest Harvest,2014,2014,0
Ventura,Harvest: Annual Variability,Forest Harvest,2014,2014,0
Yolo,Harvest: Annual Variability,Forest Harvest,2014,2014,0
Yuba,Harvest: Annual Variability,Forest Harvest,2014,2014,0
Alameda,Harvest: Annual Variability,Forest Harvest,2015,2015,0
Alpine,Harvest: Annual Variability,Forest Harvest,2015,2015,1.6363636363636362
Amador,Harvest: Annual Variability,Forest Harvest,2015,2015,0
Butte,Harvest: Annual Variability,Forest Harvest,2015,2015,0.5590062111801242
Calaveras,Harvest: Annual Variability,Forest Harvest,2015,2015,0.1978021978021978
Colusa,Harvest: Annual Variability,Forest Harvest,2015,2015,0.8
Contra Costa,Harvest: Annual Variability,Forest Harvest,2015,2015,0
Del Norte,Harvest: Annual Variability,Forest Harvest,2015,2015,1.4754098360655736
El Dorado,Harvest: Annual Variability,Forest Harvest,2015,2015,0.6511627906976745
Fresno,Harvest: Annual Variability,Forest Harvest,2015,2015,0.84375
Glenn,Harvest: Annual Variability,Forest Harvest,2015,2015,0.6923076923076923
Humboldt,Harvest: Annual Variability,Forest Harvest,2015,2015,0.6949806949806949
Imperial,Harvest: Annual Variability,Forest Harvest,2015,2015,0
Inyo,Harvest: Annual Variability,Forest Harvest,2015,2015,0
Kern,Harvest: Annual Variability,Forest Harvest,2015,2015,0.28125
Kings,Harvest: Annual Variability,Forest Harvest,2015,2015,0
Lake,Harvest: Annual Variability,Forest Harvest,2015,2015,0
Lassen,Harvest: Annual Variability,Forest Harvest,2015,2015,0.4943820224719101
Los Angeles,Harvest: Annual Variability,Forest Harvest,2015,2015,1.8749999999999998
Madera,Harvest: Annual Variability,Forest Harvest,2015,2015,0.75
Marin,Harvest: Annual Variability,Forest Harvest,2015,2015,0
Mariposa,Harvest: Annual Variability,Forest Harvest,2015,2015,0.627906976744186
Mendocino,Harvest: Annual Variability,Forest Harvest,2015,2015,0.8267223382045928
Merced,Harvest: Annual Variability,Forest Harvest,2015,2015,0
Modoc,Harvest: Annual Variability,Forest Harvest,2015,2015,2.817891373801917
Mono,Harvest: Annual Variability,Forest Harvest,2015,2015,0.41379310344827586
Monterey,Harvest: Annual Variability,Forest Harvest,2015,2015,2
Napa,Harvest: Annual Variability,Forest Harvest,2015,2015,0
Nevada,Harvest: Annual Variability,Forest Harvest,2015,2015,0.8873239436619718
Orange,Harvest: Annual Variability,Forest Harvest,2015,2015,0
Placer,Harvest: Annual Variability,Forest Harvest,2015,2015,1.1527093596059113
Plumas,Harvest: Annual Variability,Forest Harvest,2015,2015,0.6284289276807979
Riverside,Harvest: Annual Variability,Forest Harvest,2015,2015,1.309090909090909
Sacramento,Harvest: Annual Variability,Forest Harvest,2015,2015,0
San Benito,Harvest: Annual Variability,Forest Harvest,2015,2015,0
San Bernardino,Harvest: Annual Variability,Forest Harvest,2015,2015,0.5806451612903225
San Diego,Harvest: Annual Variability,Forest Harvest,2015,2015,0
San Francisco,Harvest: Annual Variability,Forest Harvest,2015,2015,0
San Joaquin,Harvest: Annual Variability,Forest Harvest,2015,2015,0
San Luis Obispo,Harvest: Annual Variability,Forest Harvest,2015,2015,0.46153846153846156
San Mateo,Harvest: Annual Variability,Forest Harvest,2015,2015,2.571428571428571
Santa Barbara,Harvest: Annual Variability,Forest Harvest,2015,2015,0
Santa Clara,Harvest: Annual Variability,Forest Harvest,2015,2015,0
Santa Cruz,Harvest: Annual Variability,Forest Harvest,2015,2015,0.8852459016393442
Shasta,Harvest: Annual Variability,Forest Harvest,2015,2015,0.5328185328185328
Sierra Valley,Harvest: Annual Variability,Forest Harvest,2015,2015,0.626865671641791
Siskiyou,Harvest: Annual Variability,Forest Harvest,2015,2015,1.1742627345844503
Solano,Harvest: Annual Variability,Forest Harvest,2015,2015,0
Sonoma,Harvest: Annual Variability,Forest Harvest,2015,2015,1.2413793103448276
Stanislaus,Harvest: Annual Variability,Forest Harvest,2015,2015,0
Sutter,Harvest: Annual Variability,Forest Harvest,2015,2015,0
Tehama,Harvest: Annual Variability,Forest Harvest,2015,2015,0.2706766917293233
Trinity,Harvest: Annual Variability,Forest Harvest,2015,2015,0.8925619834710744
Tulare,Harvest: Annual Variability,Forest Harvest,2015,2015,0.2589928057553957
Tuolumne,Harvest: Annual Variability,Forest Harvest,2015,2015,0.596938775510204
Ventura,Harvest: Annual Variability,Forest Harvest,2015,2015,9
Yolo,Harvest: Annual Variability,Forest Harvest,2015,2015,18
Yuba,Harvest: Annual Variability,Forest Harvest,2015,2015,1.3235294117647058
Alameda,Harvest: Annual Variability,Forest Harvest,2016,2016,0
Alpine,Harvest: Annual Variability,Forest Harvest,2016,2016,3.2727272727272725
Amador,Harvest: Annual Variability,Forest Harvest,2016,2016,0
Butte,Harvest: Annual Variability,Forest Harvest,2016,2016,1.0062111801242235
Calaveras,Harvest: Annual Variability,Forest Harvest,2016,2016,0.3956043956043956
Colusa,Harvest: Annual Variability,Forest Harvest,2016,2016,0.8
Contra Costa,Harvest: Annual Variability,Forest Harvest,2016,2016,0
Del Norte,Harvest: Annual Variability,Forest Harvest,2016,2016,1.7704918032786885
El Dorado,Harvest: Annual Variability,Forest Harvest,2016,2016,0.5581395348837209
Fresno,Harvest: Annual Variability,Forest Harvest,2016,2016,3.1640625
Glenn,Harvest: Annual Variability,Forest Harvest,2016,2016,0
Humboldt,Harvest: Annual Variability,Forest Harvest,2016,2016,0.7413127413127413
Imperial,Harvest: Annual Variability,Forest Harvest,2016,2016,0
Inyo,Harvest: Annual Variability,Forest Harvest,2016,2016,0
Kern,Harvest: Annual Variability,Forest Harvest,2016,2016,1.125
Kings,Harvest: Annual Variability,Forest Harvest,2016,2016,0
Lake,Harvest: Annual Variability,Forest Harvest,2016,2016,5.454545454545454
Lassen,Harvest: Annual Variability,Forest Harvest,2016,2016,0.6741573033707865
Los Angeles,Harvest: Annual Variability,Forest Harvest,2016,2016,1.3125
Madera,Harvest: Annual Variability,Forest Harvest,2016,2016,2.25
Marin,Harvest: Annual Variability,Forest Harvest,2016,2016,0
Mariposa,Harvest: Annual Variability,Forest Harvest,2016,2016,1.6744186046511629
Mendocino,Harvest: Annual Variability,Forest Harvest,2016,2016,0.48851774530271397
Merced,Harvest: Annual Variability,Forest Harvest,2016,2016,0
Modoc,Harvest: Annual Variability,Forest Harvest,2016,2016,2.587859424920128
Mono,Harvest: Annual Variability,Forest Harvest,2016,2016,0.20689655172413793
Monterey,Harvest: Annual Variability,Forest Harvest,2016,2016,0
Napa,Harvest: Annual Variability,Forest Harvest,2016,2016,1.2857142857142858
Nevada,Harvest: Annual Variability,Forest Harvest,2016,2016,0.7605633802816901
Orange,Harvest: Annual Variability,Forest Harvest,2016,2016,0
Placer,Harvest: Annual Variability,Forest Harvest,2016,2016,0.7093596059113301
Plumas,Harvest: Annual Variability,Forest Harvest,2016,2016,0.9201995012468828
Riverside,Harvest: Annual Variability,Forest Harvest,2016,2016,1.6363636363636365
Sacramento,Harvest: Annual Variability,Forest Harvest,2016,2016,0
San Benito,Harvest: Annual Variability,Forest Harvest,2016,2016,0
San Bernardino,Harvest: Annual Variability,Forest Harvest,2016,2016,0
San Diego,Harvest: Annual Variability,Forest Harvest,2016,2016,0
San Francisco,Harvest: Annual Variability,Forest Harvest,2016,2016,0
San Joaquin,Harvest: Annual Variability,Forest Harvest,2016,2016,0
San Luis Obispo,Harvest: Annual Variability,Forest Harvest,2016,2016,0
San Mateo,Harvest: Annual Variability,Forest Harvest,2016,2016,1.7142857142857142
Santa Barbara,Harvest: Annual Variability,Forest Harvest,2016,2016,0
Santa Clara,Harvest: Annual Variability,Forest Harvest,2016,2016,0
Santa Cruz,Harvest: Annual Variability,Forest Harvest,2016,2016,2.065573770491803
Shasta,Harvest: Annual Variability,Forest Harvest,2016,2016,1.2046332046332044
Sierra Valley,Harvest: Annual Variability,Forest Harvest,2016,2016,0.26865671641791045
Siskiyou,Harvest: Annual Variability,Forest Harvest,2016,2016,1.2707774798927614
Solano,Harvest: Annual Variability,Forest Harvest,2016,2016,0
Sonoma,Harvest: Annual Variability,Forest Harvest,2016,2016,0.6206896551724138
Stanislaus,Harvest: Annual Variability,Forest Harvest,2016,2016,0
Sutter,Harvest: Annual Variability,Forest Harvest,2016,2016,0
Tehama,Harvest: Annual Variability,Forest Harvest,2016,2016,0.6766917293233082
Trinity,Harvest: Annual Variability,Forest Harvest,2016,2016,0.8925619834710744
Tulare,Harvest: Annual Variability,Forest Harvest,2016,2016,4.402877697841727
Tuolumne,Harvest: Annual Variability,Forest Harvest,2016,2016,0.45918367346938777
Ventura,Harvest: Annual Variability,Forest Harvest,2016,2016,0
Yolo,Harvest: Annual Variability,Forest Harvest,2016,2016,0
Yuba,Harvest: Annual Variability,Forest Harvest,2016,2016,1.0588235294117647
