SecondaryStratumID,Timestep,TransitionGroupID,Amount,DistributionType,DistributionFrequencyID,DistributionSD,DistributionMin,DistributionMax
Alameda,2017,Management: Forest Clearcut,0,Normal,Iteration and Timestep,0,0,0
Alameda,2021,Management: Forest Clearcut,0,Normal,Iteration and Timestep,0,0,0
Alameda,2031,Management: Forest Clearcut,0,Normal,Iteration and Timestep,0,0,0
Alameda,2041,Management: Forest Clearcut,0,Normal,Iteration and Timestep,0,0,0
Alameda,2051,Management: Forest Clearcut,0,Normal,Iteration and Timestep,0,0,0
Alameda,2061,Management: Forest Clearcut,0,Normal,Iteration and Timestep,0,0,0
Alameda,2071,Management: Forest Clearcut,0,Normal,Iteration and Timestep,0,0,0
Alameda,2081,Management: Forest Clearcut,0,Normal,Iteration and Timestep,0,0,0
Alameda,2091,Management: Forest Clearcut,0,Normal,Iteration and Timestep,0,0,0
Alpine,2017,Management: Forest Clearcut,10.816868321857266,Normal,Iteration and Timestep,45.89208564952334,0,194.7036297934308
Alpine,2021,Management: Forest Clearcut,14.430481395585758,Normal,Iteration and Timestep,61.22334750363003,0,259.74866512054365
Alpine,2031,Management: Forest Clearcut,14.981812080134718,Normal,Iteration and Timestep,63.56244549795477,0,269.6726174424249
Alpine,2041,Management: Forest Clearcut,16.378116966003272,Normal,Iteration and Timestep,69.48646541836415,0,294.8061053880589
Alpine,2051,Management: Forest Clearcut,15.569099113675998,Normal,Iteration and Timestep,66.05409336147459,0,280.24378404616795
Alpine,2061,Management: Forest Clearcut,13.693376241243131,Normal,Iteration and Timestep,58.09607518513065,0,246.48077234237635
Alpine,2071,Management: Forest Clearcut,11.631878899016593,Normal,Iteration and Timestep,49.349882684612076,0,209.3738201822987
Alpine,2081,Management: Forest Clearcut,10.71499199971235,Normal,Iteration and Timestep,45.45986102013725,0,192.8698559948223
Alpine,2091,Management: Forest Clearcut,8.527647436012682,Normal,Iteration and Timestep,36.179743977435855,0,153.49765384822825
Amador,2017,Management: Forest Clearcut,118.98555154042994,Normal,Iteration and Timestep,181.53240153498567,0,584.1108893802924
Amador,2021,Management: Forest Clearcut,158.73529535144337,Normal,Iteration and Timestep,242.17729800346007,0,779.245995361631
Amador,2031,Management: Forest Clearcut,164.7999328814819,Normal,Iteration and Timestep,251.42991902352585,0,809.0178523272748
Amador,2041,Management: Forest Clearcut,180.159286626036,Normal,Iteration and Timestep,274.8631874765184,0,884.4183161641766
Amador,2051,Management: Forest Clearcut,171.26009025043598,Normal,Iteration and Timestep,261.28597184924803,0,840.7313521385039
Amador,2061,Management: Forest Clearcut,150.62713865367445,Normal,Iteration and Timestep,229.80694598750262,0,739.4423170271291
Amador,2071,Management: Forest Clearcut,127.95066788918254,Normal,Iteration and Timestep,195.21018912986546,0,628.1214605468961
Amador,2081,Management: Forest Clearcut,117.86491199683586,Normal,Iteration and Timestep,179.82267808562568,0,578.6095679844668
Amador,2091,Management: Forest Clearcut,93.8041217961395,Normal,Iteration and Timestep,143.11390990819092,0,460.4929615446848
Butte,2017,Management: Forest Clearcut,189.29519563250216,Normal,Iteration and Timestep,253.14163710813605,0,973.5181489671539
Butte,2021,Management: Forest Clearcut,252.5334244227508,Normal,Iteration and Timestep,337.70917570991224,0,1298.7433256027184
Butte,2031,Management: Forest Clearcut,262.18171140235756,Normal,Iteration and Timestep,350.6116857453408,0,1348.3630872121246
Butte,2041,Management: Forest Clearcut,286.6170469050573,Normal,Iteration and Timestep,383.2886948568065,0,1474.0305269402945
Butte,2051,Management: Forest Clearcut,272.45923448932996,Normal,Iteration and Timestep,364.35566382655816,0,1401.2189202308398
Butte,2061,Management: Forest Clearcut,239.6340842217548,Normal,Iteration and Timestep,320.4590807712415,0,1232.4038617118817
Butte,2071,Management: Forest Clearcut,203.5578807327904,Normal,Iteration and Timestep,272.21491281268254,0,1046.8691009114934
Butte,2081,Management: Forest Clearcut,187.51235999496612,Normal,Iteration and Timestep,250.75747764506772,0,964.3492799741115
Butte,2091,Management: Forest Clearcut,149.23383013022195,Normal,Iteration and Timestep,199.568171526248,0,767.4882692411413
Calaveras,2017,Management: Forest Clearcut,232.5626689199312,Normal,Iteration and Timestep,285.5674928468793,0,876.1663340704386
Calaveras,2021,Management: Forest Clearcut,310.2553500050938,Normal,Iteration and Timestep,380.9676026455875,0,1168.8689930424464
Calaveras,2031,Management: Forest Clearcut,322.10895972289643,Normal,Iteration and Timestep,395.5228432782262,0,1213.5267784909122
Calaveras,2041,Management: Forest Clearcut,352.12951476907034,Normal,Iteration and Timestep,432.38557227175687,0,1326.627474246265
Calaveras,2051,Management: Forest Clearcut,334.73563094403397,Normal,Iteration and Timestep,411.02733873473267,0,1261.0970282077558
Calaveras,2061,Management: Forest Clearcut,294.4075891867273,Normal,Iteration and Timestep,361.50787875629874,0,1109.1634755406935
Calaveras,2071,Management: Forest Clearcut,250.08539632885677,Normal,Iteration and Timestep,307.0839355212148,0,942.1821908203441
Calaveras,2081,Management: Forest Clearcut,230.3723279938155,Normal,Iteration and Timestep,282.8779375125874,0,867.9143519767003
Calaveras,2091,Management: Forest Clearcut,183.34441987427266,Normal,Iteration and Timestep,225.13160239396638,0,690.7394423170272
Colusa,2017,Management: Forest Clearcut,0,Normal,Iteration and Timestep,0,0,0
Colusa,2021,Management: Forest Clearcut,0,Normal,Iteration and Timestep,0,0,0
Colusa,2031,Management: Forest Clearcut,0,Normal,Iteration and Timestep,0,0,0
Colusa,2041,Management: Forest Clearcut,0,Normal,Iteration and Timestep,0,0,0
Colusa,2051,Management: Forest Clearcut,0,Normal,Iteration and Timestep,0,0,0
Colusa,2061,Management: Forest Clearcut,0,Normal,Iteration and Timestep,0,0,0
Colusa,2071,Management: Forest Clearcut,0,Normal,Iteration and Timestep,0,0,0
Colusa,2081,Management: Forest Clearcut,0,Normal,Iteration and Timestep,0,0,0
Colusa,2091,Management: Forest Clearcut,0,Normal,Iteration and Timestep,0,0,0
Contra Costa,2017,Management: Forest Clearcut,0,Normal,Iteration and Timestep,0,0,0
Contra Costa,2021,Management: Forest Clearcut,0,Normal,Iteration and Timestep,0,0,0
Contra Costa,2031,Management: Forest Clearcut,0,Normal,Iteration and Timestep,0,0,0
Contra Costa,2041,Management: Forest Clearcut,0,Normal,Iteration and Timestep,0,0,0
Contra Costa,2051,Management: Forest Clearcut,0,Normal,Iteration and Timestep,0,0,0
Contra Costa,2061,Management: Forest Clearcut,0,Normal,Iteration and Timestep,0,0,0
Contra Costa,2071,Management: Forest Clearcut,0,Normal,Iteration and Timestep,0,0,0
Contra Costa,2081,Management: Forest Clearcut,0,Normal,Iteration and Timestep,0,0,0
Contra Costa,2091,Management: Forest Clearcut,0,Normal,Iteration and Timestep,0,0,0
Del Norte,2017,Management: Forest Clearcut,129.8024198622872,Normal,Iteration and Timestep,153.01860445801665,0,486.75907448357697
Del Norte,2021,Management: Forest Clearcut,173.16577674702913,Normal,Iteration and Timestep,204.13783907750917,0,649.3716628013592
Del Norte,2031,Management: Forest Clearcut,179.78174496161662,Normal,Iteration and Timestep,211.9371252881117,0,674.1815436060623
Del Norte,2041,Management: Forest Clearcut,196.53740359203928,Normal,Iteration and Timestep,231.68966536496367,0,737.0152634701473
Del Norte,2051,Management: Forest Clearcut,186.82918936411198,Normal,Iteration and Timestep,220.24506059940566,0,700.6094601154199
Del Norte,2061,Management: Forest Clearcut,164.32051489491758,Normal,Iteration and Timestep,193.71053251333407,0,616.2019308559409
Del Norte,2071,Management: Forest Clearcut,139.58254678819912,Normal,Iteration and Timestep,164.54798407368992,0,523.4345504557467
Del Norte,2081,Management: Forest Clearcut,128.5799039965482,Normal,Iteration and Timestep,151.57743200605748,0,482.17463998705574
Del Norte,2091,Management: Forest Clearcut,102.33176923215218,Normal,Iteration and Timestep,120.63461171399318,0,383.74413462057066
El Dorado,2017,Management: Forest Clearcut,411.0409962305761,Normal,Iteration and Timestep,409.7160549576928,0,1362.9254085540156
El Dorado,2021,Management: Forest Clearcut,548.3582930322589,Normal,Iteration and Timestep,546.5907259490992,0,1818.2406558438056
El Dorado,2031,Management: Forest Clearcut,569.3088590451193,Normal,Iteration and Timestep,567.4737603292144,0,1887.7083220969744
El Dorado,2041,Management: Forest Clearcut,622.3684447081243,Normal,Iteration and Timestep,620.3623147918971,0,2063.6427377164123
El Dorado,2051,Management: Forest Clearcut,591.625766319688,Normal,Iteration and Timestep,589.7187317341196,0,1961.7064883231758
El Dorado,2061,Management: Forest Clearcut,520.348297167239,Normal,Iteration and Timestep,518.671016940902,0,1725.3654063966344
El Dorado,2071,Management: Forest Clearcut,442.01139816263054,Normal,Iteration and Timestep,440.586627519602,0,1465.6167412760908
El Dorado,2081,Management: Forest Clearcut,407.1696959890693,Normal,Iteration and Timestep,405.85723338745413,0,1350.0889919637561
El Dorado,2091,Management: Forest Clearcut,324.0506025684819,Normal,Iteration and Timestep,323.0060643793888,0,1074.483576937598
Fresno,2017,Management: Forest Clearcut,70.30964409207223,Normal,Iteration and Timestep,124.06850053236741,0,486.75907448357697
Fresno,2021,Management: Forest Clearcut,93.79812907130744,Normal,Iteration and Timestep,165.5163153916569,0,649.3716628013592
Fresno,2031,Management: Forest Clearcut,97.38177852087567,Normal,Iteration and Timestep,171.840028438182,0,674.1815436060623
Fresno,2041,Management: Forest Clearcut,106.45776027902127,Normal,Iteration and Timestep,187.85551908862055,0,737.0152634701473
Fresno,2051,Management: Forest Clearcut,101.199144238894,Normal,Iteration and Timestep,178.57615755295873,0,700.6094601154199
Fresno,2061,Management: Forest Clearcut,89.00694556808035,Normal,Iteration and Timestep,157.06178599249833,0,616.2019308559409
Fresno,2071,Management: Forest Clearcut,75.60721284360787,Normal,Iteration and Timestep,133.41659807940448,0,523.4345504557467
Fresno,2081,Management: Forest Clearcut,69.64744799813027,Normal,Iteration and Timestep,122.89998833898775,0,482.17463998705574
Fresno,2091,Management: Forest Clearcut,55.429708334082434,Normal,Iteration and Timestep,97.81134418701319,0,383.74413462057066
Glenn,2017,Management: Forest Clearcut,59.49277577021497,Normal,Iteration and Timestep,125.55737582048259,0,389.4072595868616
Glenn,2021,Management: Forest Clearcut,79.36764767572168,Normal,Iteration and Timestep,167.50258225801775,0,519.4973302410873
Glenn,2031,Management: Forest Clearcut,82.39996644074095,Normal,Iteration and Timestep,173.9021825768457,0,539.3452348848498
Glenn,2041,Management: Forest Clearcut,90.079643313018,Normal,Iteration and Timestep,190.1098659930077,0,589.6122107761178
Glenn,2051,Management: Forest Clearcut,85.63004512521799,Normal,Iteration and Timestep,180.71914813385803,0,560.4875680923359
Glenn,2061,Management: Forest Clearcut,75.31356932683723,Normal,Iteration and Timestep,158.94659487523694,0,492.9615446847527
Glenn,2071,Management: Forest Clearcut,63.97533394459127,Normal,Iteration and Timestep,135.01765455266298,0,418.7476403645974
Glenn,2081,Management: Forest Clearcut,58.93245599841793,Normal,Iteration and Timestep,124.37484097896004,0,385.7397119896446
Glenn,2091,Management: Forest Clearcut,46.90206089806975,Normal,Iteration and Timestep,98.98512232274057,0,306.9953076964565
Humboldt,2017,Management: Forest Clearcut,1238.531422852657,Normal,Iteration and Timestep,1205.2423689520654,0,4964.942559732485
Humboldt,2021,Management: Forest Clearcut,1652.2901197945694,Normal,Iteration and Timestep,1607.880124341592,0,6623.590960573863
Humboldt,2031,Management: Forest Clearcut,1715.417483175425,Normal,Iteration and Timestep,1669.3107603214203,0,6876.651744781835
Humboldt,2041,Management: Forest Clearcut,1875.2943926073744,Normal,Iteration and Timestep,1824.8905231833764,0,7517.555687395502
Humboldt,2051,Management: Forest Clearcut,1782.6618485159017,Normal,Iteration and Timestep,1734.7477421260198,0,7146.216493177283
Humboldt,2061,Management: Forest Clearcut,1567.8915796223384,Normal,Iteration and Timestep,1525.7500349337781,0,6285.259694730597
Humboldt,2071,Management: Forest Clearcut,1331.8501339374,Normal,Iteration and Timestep,1296.0528743135505,0,5339.032414648616
Humboldt,2081,Management: Forest Clearcut,1226.866583967064,Normal,Iteration and Timestep,1193.8910557818797,0,4918.181327867968
Humboldt,2091,Management: Forest Clearcut,976.4156314234519,Normal,Iteration and Timestep,950.1716847749525,0,3914.190173129821
Imperial,2017,Management: Forest Clearcut,0,Normal,Iteration and Timestep,0,0,0
Imperial,2021,Management: Forest Clearcut,0,Normal,Iteration and Timestep,0,0,0
Imperial,2031,Management: Forest Clearcut,0,Normal,Iteration and Timestep,0,0,0
Imperial,2041,Management: Forest Clearcut,0,Normal,Iteration and Timestep,0,0,0
Imperial,2051,Management: Forest Clearcut,0,Normal,Iteration and Timestep,0,0,0
Imperial,2061,Management: Forest Clearcut,0,Normal,Iteration and Timestep,0,0,0
Imperial,2071,Management: Forest Clearcut,0,Normal,Iteration and Timestep,0,0,0
Imperial,2081,Management: Forest Clearcut,0,Normal,Iteration and Timestep,0,0,0
Imperial,2091,Management: Forest Clearcut,0,Normal,Iteration and Timestep,0,0,0
Inyo,2017,Management: Forest Clearcut,0,Normal,Iteration and Timestep,0,0,0
Inyo,2021,Management: Forest Clearcut,0,Normal,Iteration and Timestep,0,0,0
Inyo,2031,Management: Forest Clearcut,0,Normal,Iteration and Timestep,0,0,0
Inyo,2041,Management: Forest Clearcut,0,Normal,Iteration and Timestep,0,0,0
Inyo,2051,Management: Forest Clearcut,0,Normal,Iteration and Timestep,0,0,0
Inyo,2061,Management: Forest Clearcut,0,Normal,Iteration and Timestep,0,0,0
Inyo,2071,Management: Forest Clearcut,0,Normal,Iteration and Timestep,0,0,0
Inyo,2081,Management: Forest Clearcut,0,Normal,Iteration and Timestep,0,0,0
Inyo,2091,Management: Forest Clearcut,0,Normal,Iteration and Timestep,0,0,0
Kern,2017,Management: Forest Clearcut,16.2253024827859,Normal,Iteration and Timestep,68.83812847428501,0,292.0554446901462
Kern,2021,Management: Forest Clearcut,21.64572209337864,Normal,Iteration and Timestep,91.83502125544504,0,389.6229976808155
Kern,2031,Management: Forest Clearcut,22.472718120202078,Normal,Iteration and Timestep,95.34366824693215,0,404.5089261636374
Kern,2041,Management: Forest Clearcut,24.56717544900491,Normal,Iteration and Timestep,104.22969812754621,0,442.2091580820883
Kern,2051,Management: Forest Clearcut,23.353648670513998,Normal,Iteration and Timestep,99.08114004221189,0,420.36567606925195
Kern,2061,Management: Forest Clearcut,20.540064361864697,Normal,Iteration and Timestep,87.14411277769598,0,369.72115851356455
Kern,2071,Management: Forest Clearcut,17.44781834852489,Normal,Iteration and Timestep,74.02482402691811,0,314.06073027344803
Kern,2081,Management: Forest Clearcut,16.072487999568526,Normal,Iteration and Timestep,68.18979153020587,0,289.3047839922334
Kern,2091,Management: Forest Clearcut,12.791471154019023,Normal,Iteration and Timestep,54.26961596615378,0,230.2464807723424
Kings,2017,Management: Forest Clearcut,0,Normal,Iteration and Timestep,0,0,0
Kings,2021,Management: Forest Clearcut,0,Normal,Iteration and Timestep,0,0,0
Kings,2031,Management: Forest Clearcut,0,Normal,Iteration and Timestep,0,0,0
Kings,2041,Management: Forest Clearcut,0,Normal,Iteration and Timestep,0,0,0
Kings,2051,Management: Forest Clearcut,0,Normal,Iteration and Timestep,0,0,0
Kings,2061,Management: Forest Clearcut,0,Normal,Iteration and Timestep,0,0,0
Kings,2071,Management: Forest Clearcut,0,Normal,Iteration and Timestep,0,0,0
Kings,2081,Management: Forest Clearcut,0,Normal,Iteration and Timestep,0,0,0
Kings,2091,Management: Forest Clearcut,0,Normal,Iteration and Timestep,0,0,0
Lake,2017,Management: Forest Clearcut,10.816868321857266,Normal,Iteration and Timestep,31.48171103252834,0,97.3518148967154
Lake,2021,Management: Forest Clearcut,14.430481395585758,Normal,Iteration and Timestep,41.998869898242795,0,129.87433256027182
Lake,2031,Management: Forest Clearcut,14.981812080134718,Normal,Iteration and Timestep,43.60347788438828,0,134.83630872121245
Lake,2041,Management: Forest Clearcut,16.378116966003272,Normal,Iteration and Timestep,47.667322023213266,0,147.40305269402944
Lake,2051,Management: Forest Clearcut,15.569099113675998,Normal,Iteration and Timestep,45.3127342174563,0,140.12189202308397
Lake,2061,Management: Forest Clearcut,13.693376241243131,Normal,Iteration and Timestep,39.853578786330885,0,123.24038617118818
Lake,2071,Management: Forest Clearcut,11.631878899016593,Normal,Iteration and Timestep,33.85374022943906,0,104.68691009114934
Lake,2081,Management: Forest Clearcut,10.71499199971235,Normal,Iteration and Timestep,31.1852073829145,0,96.43492799741115
Lake,2091,Management: Forest Clearcut,8.527647436012682,Normal,Iteration and Timestep,24.819099611793813,0,76.74882692411413
Lassen,2017,Management: Forest Clearcut,573.2940210584351,Normal,Iteration and Timestep,857.7683101595696,0,2336.4435575211696
Lassen,2021,Management: Forest Clearcut,764.8155139660453,Normal,Iteration and Timestep,1144.3247040799133,0,3116.983981446524
Lassen,2031,Management: Forest Clearcut,794.0360402471401,Normal,Iteration and Timestep,1188.0447509135313,0,3236.071409309099
Lassen,2041,Management: Forest Clearcut,868.0401991981735,Normal,Iteration and Timestep,1298.7705216986724,0,3537.6732646567066
Lassen,2051,Management: Forest Clearcut,825.1622530248279,Normal,Iteration and Timestep,1234.6161051493418,0,3362.9254085540156
Lassen,2061,Management: Forest Clearcut,725.7489407858859,Normal,Iteration and Timestep,1085.8729023349676,0,2957.7692681085164
Lassen,2071,Management: Forest Clearcut,616.4895816478795,Normal,Iteration and Timestep,922.3979446092657,0,2512.4858421875842
Lassen,2081,Management: Forest Clearcut,567.8945759847545,Normal,Iteration and Timestep,849.6896058533575,0,2314.4382719378673
Lassen,2091,Management: Forest Clearcut,451.96531410867215,Normal,Iteration and Timestep,676.235072219982,0,1841.9718461787393
Los Angeles,2017,Management: Forest Clearcut,81.12651241392949,Normal,Iteration and Timestep,138.68488769977992,0,486.75907448357697
Los Angeles,2021,Management: Forest Clearcut,108.22861046689319,Normal,Iteration and Timestep,185.0156285767701,0,649.3716628013592
Los Angeles,2031,Management: Forest Clearcut,112.36359060101037,Normal,Iteration and Timestep,192.084331994155,0,674.1815436060623
Los Angeles,2041,Management: Forest Clearcut,122.83587724502453,Normal,Iteration and Timestep,209.98659173601024,0,737.0152634701473
Los Angeles,2051,Management: Forest Clearcut,116.76824335256998,Normal,Iteration and Timestep,199.6140378083259,0,700.6094601154199
Los Angeles,2061,Management: Forest Clearcut,102.70032180932347,Normal,Iteration and Timestep,175.56507944265766,0,616.2019308559409
Los Angeles,2071,Management: Forest Clearcut,87.23909174262445,Normal,Iteration and Timestep,149.13427536026194,0,523.4345504557467
Los Angeles,2081,Management: Forest Clearcut,80.36243999784261,Normal,Iteration and Timestep,137.37871424221964,0,482.17463998705574
Los Angeles,2091,Management: Forest Clearcut,63.957355770095106,Normal,Iteration and Timestep,109.33440177107303,0,383.74413462057066
Madera,2017,Management: Forest Clearcut,59.49277577021497,Normal,Iteration and Timestep,111.44370074500937,0,389.4072595868616
Madera,2021,Management: Forest Clearcut,79.36764767572168,Normal,Iteration and Timestep,148.67392320996262,0,519.4973302410873
Madera,2031,Management: Forest Clearcut,82.39996644074095,Normal,Iteration and Timestep,154.35415615652266,0,539.3452348848498
Madera,2041,Management: Forest Clearcut,90.079643313018,Normal,Iteration and Timestep,168.73996351031056,0,589.6122107761178
Madera,2051,Management: Forest Clearcut,85.63004512521799,Normal,Iteration and Timestep,160.40483907785836,0,560.4875680923359
Madera,2061,Management: Forest Clearcut,75.31356932683723,Normal,Iteration and Timestep,141.0796987270617,0,492.9615446847527
Madera,2071,Management: Forest Clearcut,63.97533394459127,Normal,Iteration and Timestep,119.8405668399242,0,418.7476403645974
Madera,2081,Management: Forest Clearcut,58.93245599841793,Normal,Iteration and Timestep,110.39409248314502,0,385.7397119896446
Madera,2091,Management: Forest Clearcut,46.90206089806975,Normal,Iteration and Timestep,87.85838568429271,0,306.9953076964565
Marin,2017,Management: Forest Clearcut,0,Normal,Iteration and Timestep,0,0,0
Marin,2021,Management: Forest Clearcut,0,Normal,Iteration and Timestep,0,0,0
Marin,2031,Management: Forest Clearcut,0,Normal,Iteration and Timestep,0,0,0
Marin,2041,Management: Forest Clearcut,0,Normal,Iteration and Timestep,0,0,0
Marin,2051,Management: Forest Clearcut,0,Normal,Iteration and Timestep,0,0,0
Marin,2061,Management: Forest Clearcut,0,Normal,Iteration and Timestep,0,0,0
Marin,2071,Management: Forest Clearcut,0,Normal,Iteration and Timestep,0,0,0
Marin,2081,Management: Forest Clearcut,0,Normal,Iteration and Timestep,0,0,0
Marin,2091,Management: Forest Clearcut,0,Normal,Iteration and Timestep,0,0,0
Mariposa,2017,Management: Forest Clearcut,43.26747328742906,Normal,Iteration and Timestep,59.93939205202712,0,194.7036297934308
Mariposa,2021,Management: Forest Clearcut,57.72192558234303,Normal,Iteration and Timestep,79.96346596192869,0,259.74866512054365
Mariposa,2031,Management: Forest Clearcut,59.92724832053887,Normal,Iteration and Timestep,83.01854854851402,0,269.6726174424249
Mariposa,2041,Management: Forest Clearcut,65.51246786401309,Normal,Iteration and Timestep,90.75587727323551,0,294.8061053880589
Mariposa,2051,Management: Forest Clearcut,62.27639645470399,Normal,Iteration and Timestep,86.27287565161576,0,280.24378404616795
Mariposa,2061,Management: Forest Clearcut,54.773504964972524,Normal,Iteration and Timestep,75.8789533733418,0,246.48077234237635
Mariposa,2071,Management: Forest Clearcut,46.52751559606637,Normal,Iteration and Timestep,64.45560109306628,0,209.3738201822987
Mariposa,2081,Management: Forest Clearcut,42.8599679988494,Normal,Iteration and Timestep,59.374865921897225,0,192.8698559948223
Mariposa,2091,Management: Forest Clearcut,34.11058974405073,Normal,Iteration and Timestep,47.254157833814176,0,153.49765384822825
Mendocino,2017,Management: Forest Clearcut,438.0831670352193,Normal,Iteration and Timestep,342.56709255316196,0,973.5181489671539
Mendocino,2021,Management: Forest Clearcut,584.4344965212232,Normal,Iteration and Timestep,457.00917388809637,0,1298.7433256027184
Mendocino,2031,Management: Forest Clearcut,606.7633892454561,Normal,Iteration and Timestep,474.4696572758476,0,1348.3630872121246
Mendocino,2041,Management: Forest Clearcut,663.3137371231325,Normal,Iteration and Timestep,518.6902293339565,0,1474.0305269402945
Mendocino,2051,Management: Forest Clearcut,630.5485141038779,Normal,Iteration and Timestep,493.0688678410608,0,1401.2189202308398
Mendocino,2061,Management: Forest Clearcut,554.5817377703468,Normal,Iteration and Timestep,433.66526675012466,0,1232.4038617118817
Mendocino,2071,Management: Forest Clearcut,471.09109541017204,Normal,Iteration and Timestep,368.37824190896805,0,1046.8691009114934
Mendocino,2081,Management: Forest Clearcut,433.9571759883502,Normal,Iteration and Timestep,339.3406988836862,0,964.3492799741115
Mendocino,2091,Management: Forest Clearcut,345.3697211585136,Normal,Iteration and Timestep,270.06812892141244,0,767.4882692411413
Merced,2017,Management: Forest Clearcut,0,Normal,Iteration and Timestep,0,0,0
Merced,2021,Management: Forest Clearcut,0,Normal,Iteration and Timestep,0,0,0
Merced,2031,Management: Forest Clearcut,0,Normal,Iteration and Timestep,0,0,0
Merced,2041,Management: Forest Clearcut,0,Normal,Iteration and Timestep,0,0,0
Merced,2051,Management: Forest Clearcut,0,Normal,Iteration and Timestep,0,0,0
Merced,2061,Management: Forest Clearcut,0,Normal,Iteration and Timestep,0,0,0
Merced,2071,Management: Forest Clearcut,0,Normal,Iteration and Timestep,0,0,0
Merced,2081,Management: Forest Clearcut,0,Normal,Iteration and Timestep,0,0,0
Merced,2091,Management: Forest Clearcut,0,Normal,Iteration and Timestep,0,0,0
Modoc,2017,Management: Forest Clearcut,102.76024905764403,Normal,Iteration and Timestep,278.31728869496783,0,1168.2217787605848
Modoc,2021,Management: Forest Clearcut,137.08957325806472,Normal,Iteration and Timestep,371.2953081315693,0,1558.491990723262
Modoc,2031,Management: Forest Clearcut,142.32721476127983,Normal,Iteration and Timestep,385.48100927280865,0,1618.0357046545496
Modoc,2041,Management: Forest Clearcut,155.5921111770311,Normal,Iteration and Timestep,421.4078393370344,0,1768.8366323283533
Modoc,2051,Management: Forest Clearcut,147.906441579922,Normal,Iteration and Timestep,400.59186483630276,0,1681.4627042770078
Modoc,2061,Management: Forest Clearcut,130.08707429180976,Normal,Iteration and Timestep,352.3296424753471,0,1478.8846340542582
Modoc,2071,Management: Forest Clearcut,110.50284954065764,Normal,Iteration and Timestep,299.2874555994086,0,1256.2429210937921
Modoc,2081,Management: Forest Clearcut,101.79242399726732,Normal,Iteration and Timestep,275.69601783191274,0,1157.2191359689336
Modoc,2091,Management: Forest Clearcut,81.01265064212048,Normal,Iteration and Timestep,219.4157904780827,0,920.9859230893696
Mono,2017,Management: Forest Clearcut,5.408434160928633,Normal,Iteration and Timestep,22.94604282476167,0,97.3518148967154
Mono,2021,Management: Forest Clearcut,7.215240697792879,Normal,Iteration and Timestep,30.611673751815015,0,129.87433256027182
Mono,2031,Management: Forest Clearcut,7.490906040067359,Normal,Iteration and Timestep,31.781222748977385,0,134.83630872121245
Mono,2041,Management: Forest Clearcut,8.189058483001636,Normal,Iteration and Timestep,34.743232709182074,0,147.40305269402944
Mono,2051,Management: Forest Clearcut,7.784549556837999,Normal,Iteration and Timestep,33.02704668073729,0,140.12189202308397
Mono,2061,Management: Forest Clearcut,6.8466881206215655,Normal,Iteration and Timestep,29.048037592565326,0,123.24038617118818
Mono,2071,Management: Forest Clearcut,5.8159394495082966,Normal,Iteration and Timestep,24.674941342306038,0,104.68691009114934
Mono,2081,Management: Forest Clearcut,5.357495999856175,Normal,Iteration and Timestep,22.729930510068623,0,96.43492799741115
Mono,2091,Management: Forest Clearcut,4.263823718006341,Normal,Iteration and Timestep,18.089871988717928,0,76.74882692411413
Monterey,2017,Management: Forest Clearcut,5.408434160928633,Normal,Iteration and Timestep,22.94604282476167,0,97.3518148967154
Monterey,2021,Management: Forest Clearcut,7.215240697792879,Normal,Iteration and Timestep,30.611673751815015,0,129.87433256027182
Monterey,2031,Management: Forest Clearcut,7.490906040067359,Normal,Iteration and Timestep,31.781222748977385,0,134.83630872121245
Monterey,2041,Management: Forest Clearcut,8.189058483001636,Normal,Iteration and Timestep,34.743232709182074,0,147.40305269402944
Monterey,2051,Management: Forest Clearcut,7.784549556837999,Normal,Iteration and Timestep,33.02704668073729,0,140.12189202308397
Monterey,2061,Management: Forest Clearcut,6.8466881206215655,Normal,Iteration and Timestep,29.048037592565326,0,123.24038617118818
Monterey,2071,Management: Forest Clearcut,5.8159394495082966,Normal,Iteration and Timestep,24.674941342306038,0,104.68691009114934
Monterey,2081,Management: Forest Clearcut,5.357495999856175,Normal,Iteration and Timestep,22.729930510068623,0,96.43492799741115
Monterey,2091,Management: Forest Clearcut,4.263823718006341,Normal,Iteration and Timestep,18.089871988717928,0,76.74882692411413
Napa,2017,Management: Forest Clearcut,10.816868321857266,Normal,Iteration and Timestep,31.48171103252834,0,97.3518148967154
Napa,2021,Management: Forest Clearcut,14.430481395585758,Normal,Iteration and Timestep,41.998869898242795,0,129.87433256027182
Napa,2031,Management: Forest Clearcut,14.981812080134718,Normal,Iteration and Timestep,43.60347788438828,0,134.83630872121245
Napa,2041,Management: Forest Clearcut,16.378116966003272,Normal,Iteration and Timestep,47.667322023213266,0,147.40305269402944
Napa,2051,Management: Forest Clearcut,15.569099113675998,Normal,Iteration and Timestep,45.3127342174563,0,140.12189202308397
Napa,2061,Management: Forest Clearcut,13.693376241243131,Normal,Iteration and Timestep,39.853578786330885,0,123.24038617118818
Napa,2071,Management: Forest Clearcut,11.631878899016593,Normal,Iteration and Timestep,33.85374022943906,0,104.68691009114934
Napa,2081,Management: Forest Clearcut,10.71499199971235,Normal,Iteration and Timestep,31.1852073829145,0,96.43492799741115
Napa,2091,Management: Forest Clearcut,8.527647436012682,Normal,Iteration and Timestep,24.819099611793813,0,76.74882692411413
Nevada,2017,Management: Forest Clearcut,102.76024905764403,Normal,Iteration and Timestep,127.02880154320029,0,389.4072595868616
Nevada,2021,Management: Forest Clearcut,137.08957325806472,Normal,Iteration and Timestep,169.46557014738298,0,519.4973302410873
Nevada,2031,Management: Forest Clearcut,142.32721476127983,Normal,Iteration and Timestep,175.94016834238266,0,539.3452348848498
Nevada,2041,Management: Forest Clearcut,155.5921111770311,Normal,Iteration and Timestep,192.33779203189272,0,589.6122107761178
Nevada,2051,Management: Forest Clearcut,147.906441579922,Normal,Iteration and Timestep,182.83702294140406,0,560.4875680923359
Nevada,2061,Management: Forest Clearcut,130.08707429180976,Normal,Iteration and Timestep,160.80931386493774,0,492.9615446847527
Nevada,2071,Management: Forest Clearcut,110.50284954065764,Normal,Iteration and Timestep,136.59994670102589,0,418.7476403645974
Nevada,2081,Management: Forest Clearcut,101.79242399726732,Normal,Iteration and Timestep,125.83240839847208,0,385.7397119896446
Nevada,2091,Management: Forest Clearcut,81.01265064212048,Normal,Iteration and Timestep,100.14514382048422,0,306.9953076964565
Orange,2017,Management: Forest Clearcut,0,Normal,Iteration and Timestep,0,0,0
Orange,2021,Management: Forest Clearcut,0,Normal,Iteration and Timestep,0,0,0
Orange,2031,Management: Forest Clearcut,0,Normal,Iteration and Timestep,0,0,0
Orange,2041,Management: Forest Clearcut,0,Normal,Iteration and Timestep,0,0,0
Orange,2051,Management: Forest Clearcut,0,Normal,Iteration and Timestep,0,0,0
Orange,2061,Management: Forest Clearcut,0,Normal,Iteration and Timestep,0,0,0
Orange,2071,Management: Forest Clearcut,0,Normal,Iteration and Timestep,0,0,0
Orange,2081,Management: Forest Clearcut,0,Normal,Iteration and Timestep,0,0,0
Orange,2091,Management: Forest Clearcut,0,Normal,Iteration and Timestep,0,0,0
Placer,2017,Management: Forest Clearcut,146.0277223450731,Normal,Iteration and Timestep,183.65268367426316,0,681.4627042770078
Placer,2021,Management: Forest Clearcut,194.81149884040775,Normal,Iteration and Timestep,245.00590708455715,0,909.1203279219028
Placer,2031,Management: Forest Clearcut,202.2544630818187,Normal,Iteration and Timestep,254.36659788679108,0,943.8541610484872
Placer,2041,Management: Forest Clearcut,221.10457904104416,Normal,Iteration and Timestep,278.07356480984,0,1031.8213688582061
Placer,2051,Management: Forest Clearcut,210.18283803462597,Normal,Iteration and Timestep,264.3377685239533,0,980.8532441615879
Placer,2061,Management: Forest Clearcut,184.86057925678227,Normal,Iteration and Timestep,232.49107046852703,0,862.6827031983172
Placer,2071,Management: Forest Clearcut,157.03036513672401,Normal,Iteration and Timestep,197.49022659930458,0,732.8083706380454
Placer,2081,Management: Forest Clearcut,144.6523919961167,Normal,Iteration and Timestep,181.922990808633,0,675.0444959818781
Placer,2091,Management: Forest Clearcut,115.1232403861712,Normal,Iteration and Timestep,144.7854675171615,0,537.241788468799
Plumas,2017,Management: Forest Clearcut,481.35064032264836,Normal,Iteration and Timestep,669.0558007879993,0,2823.2026320047466
Plumas,2021,Management: Forest Clearcut,642.1564221035663,Normal,Iteration and Timestep,892.5686250955691,0,3766.355644247883
Plumas,2031,Management: Forest Clearcut,666.690637565995,Normal,Iteration and Timestep,926.6700841939049,0,3910.2529529151616
Plumas,2041,Management: Forest Clearcut,728.8262049871456,Normal,Iteration and Timestep,1013.0357360407767,0,4274.688528126854
Plumas,2051,Management: Forest Clearcut,692.8249105585819,Normal,Iteration and Timestep,962.9955514943059,0,4063.5348686694356
Plumas,2061,Management: Forest Clearcut,609.3552427353193,Normal,Iteration and Timestep,846.976456953229,0,3573.971198964457
Plumas,2071,Management: Forest Clearcut,517.6186110062384,Normal,Iteration and Timestep,719.4666533681477,0,3035.920392643331
Plumas,2081,Management: Forest Clearcut,476.8171439871996,Normal,Iteration and Timestep,662.7544442154807,0,2796.612911924923
Plumas,2091,Management: Forest Clearcut,379.4803109025643,Normal,Iteration and Timestep,527.4606119231706,0,2225.71598079931
Riverside,2017,Management: Forest Clearcut,81.12651241392949,Normal,Iteration and Timestep,157.50690478495986,0,486.75907448357697
Riverside,2021,Management: Forest Clearcut,108.22861046689319,Normal,Iteration and Timestep,210.12555497073868,0,649.3716628013592
Riverside,2031,Management: Forest Clearcut,112.36359060101037,Normal,Iteration and Timestep,218.15360773540147,0,674.1815436060623
Riverside,2041,Management: Forest Clearcut,122.83587724502453,Normal,Iteration and Timestep,238.48552397634086,0,737.0152634701473
Riverside,2051,Management: Forest Clearcut,116.76824335256998,Normal,Iteration and Timestep,226.7052291586292,0,700.6094601154199
Riverside,2061,Management: Forest Clearcut,102.70032180932347,Normal,Iteration and Timestep,199.39239747015694,0,616.2019308559409
Riverside,2071,Management: Forest Clearcut,87.23909174262445,Normal,Iteration and Timestep,169.37446104576568,0,523.4345504557467
Riverside,2081,Management: Forest Clearcut,80.36243999784261,Normal,Iteration and Timestep,156.02346025235911,0,482.17463998705574
Riverside,2091,Management: Forest Clearcut,63.957355770095106,Normal,Iteration and Timestep,124.17303352299052,0,383.74413462057066
Sacramento,2017,Management: Forest Clearcut,0,Normal,Iteration and Timestep,0,0,0
Sacramento,2021,Management: Forest Clearcut,0,Normal,Iteration and Timestep,0,0,0
Sacramento,2031,Management: Forest Clearcut,0,Normal,Iteration and Timestep,0,0,0
Sacramento,2041,Management: Forest Clearcut,0,Normal,Iteration and Timestep,0,0,0
Sacramento,2051,Management: Forest Clearcut,0,Normal,Iteration and Timestep,0,0,0
Sacramento,2061,Management: Forest Clearcut,0,Normal,Iteration and Timestep,0,0,0
Sacramento,2071,Management: Forest Clearcut,0,Normal,Iteration and Timestep,0,0,0
Sacramento,2081,Management: Forest Clearcut,0,Normal,Iteration and Timestep,0,0,0
Sacramento,2091,Management: Forest Clearcut,0,Normal,Iteration and Timestep,0,0,0
San Benito,2017,Management: Forest Clearcut,0,Normal,Iteration and Timestep,0,0,0
San Benito,2021,Management: Forest Clearcut,0,Normal,Iteration and Timestep,0,0,0
San Benito,2031,Management: Forest Clearcut,0,Normal,Iteration and Timestep,0,0,0
San Benito,2041,Management: Forest Clearcut,0,Normal,Iteration and Timestep,0,0,0
San Benito,2051,Management: Forest Clearcut,0,Normal,Iteration and Timestep,0,0,0
San Benito,2061,Management: Forest Clearcut,0,Normal,Iteration and Timestep,0,0,0
San Benito,2071,Management: Forest Clearcut,0,Normal,Iteration and Timestep,0,0,0
San Benito,2081,Management: Forest Clearcut,0,Normal,Iteration and Timestep,0,0,0
San Benito,2091,Management: Forest Clearcut,0,Normal,Iteration and Timestep,0,0,0
San Bernardino,2017,Management: Forest Clearcut,124.39398570135856,Normal,Iteration and Timestep,169.62552158528763,0,584.1108893802924
San Bernardino,2021,Management: Forest Clearcut,165.95053604923623,Normal,Iteration and Timestep,226.29266259134215,0,779.245995361631
San Bernardino,2031,Management: Forest Clearcut,172.29083892154924,Normal,Iteration and Timestep,234.9383955474898,0,809.0178523272748
San Bernardino,2041,Management: Forest Clearcut,188.3483451090376,Normal,Iteration and Timestep,256.8346540125158,0,884.4183161641766
San Bernardino,2051,Management: Forest Clearcut,179.04463980727397,Normal,Iteration and Timestep,244.14798065295136,0,840.7313521385039
San Bernardino,2061,Management: Forest Clearcut,157.473826774296,Normal,Iteration and Timestep,214.73369353040565,0,739.4423170271291
San Bernardino,2071,Management: Forest Clearcut,133.76660733869082,Normal,Iteration and Timestep,182.40617030307104,0,628.1214605468961
San Bernardino,2081,Management: Forest Clearcut,123.22240799669201,Normal,Iteration and Timestep,168.02794049556468,0,578.6095679844668
San Bernardino,2091,Management: Forest Clearcut,98.06794551414583,Normal,Iteration and Timestep,133.72693474563118,0,460.4929615446848
San Diego,2017,Management: Forest Clearcut,81.12651241392949,Normal,Iteration and Timestep,126.04975957580346,0,486.75907448357697
San Diego,2021,Management: Forest Clearcut,108.22861046689319,Normal,Iteration and Timestep,168.15945765015775,0,649.3716628013592
San Diego,2031,Management: Forest Clearcut,112.36359060101037,Normal,Iteration and Timestep,174.5841545371239,0,674.1815436060623
San Diego,2041,Management: Forest Clearcut,122.83587724502453,Normal,Iteration and Timestep,190.85539773998383,0,737.0152634701473
San Diego,2051,Management: Forest Clearcut,116.76824335256998,Normal,Iteration and Timestep,181.42785339497917,0,700.6094601154199
San Diego,2061,Management: Forest Clearcut,102.70032180932347,Normal,Iteration and Timestep,159.56991724693123,0,616.2019308559409
San Diego,2071,Management: Forest Clearcut,87.23909174262445,Normal,Iteration and Timestep,135.54713758262298,0,523.4345504557467
San Diego,2081,Management: Forest Clearcut,80.36243999784261,Normal,Iteration and Timestep,124.86258732495101,0,482.17463998705574
San Diego,2091,Management: Forest Clearcut,63.957355770095106,Normal,Iteration and Timestep,99.37330076253093,0,383.74413462057066
San Francisco,2017,Management: Forest Clearcut,0,Normal,Iteration and Timestep,0,0,0
San Francisco,2021,Management: Forest Clearcut,0,Normal,Iteration and Timestep,0,0,0
San Francisco,2031,Management: Forest Clearcut,0,Normal,Iteration and Timestep,0,0,0
San Francisco,2041,Management: Forest Clearcut,0,Normal,Iteration and Timestep,0,0,0
San Francisco,2051,Management: Forest Clearcut,0,Normal,Iteration and Timestep,0,0,0
San Francisco,2061,Management: Forest Clearcut,0,Normal,Iteration and Timestep,0,0,0
San Francisco,2071,Management: Forest Clearcut,0,Normal,Iteration and Timestep,0,0,0
San Francisco,2081,Management: Forest Clearcut,0,Normal,Iteration and Timestep,0,0,0
San Francisco,2091,Management: Forest Clearcut,0,Normal,Iteration and Timestep,0,0,0
San Joaquin,2017,Management: Forest Clearcut,0,Normal,Iteration and Timestep,0,0,0
San Joaquin,2021,Management: Forest Clearcut,0,Normal,Iteration and Timestep,0,0,0
San Joaquin,2031,Management: Forest Clearcut,0,Normal,Iteration and Timestep,0,0,0
San Joaquin,2041,Management: Forest Clearcut,0,Normal,Iteration and Timestep,0,0,0
San Joaquin,2051,Management: Forest Clearcut,0,Normal,Iteration and Timestep,0,0,0
San Joaquin,2061,Management: Forest Clearcut,0,Normal,Iteration and Timestep,0,0,0
San Joaquin,2071,Management: Forest Clearcut,0,Normal,Iteration and Timestep,0,0,0
San Joaquin,2081,Management: Forest Clearcut,0,Normal,Iteration and Timestep,0,0,0
San Joaquin,2091,Management: Forest Clearcut,0,Normal,Iteration and Timestep,0,0,0
San Luis Obispo,2017,Management: Forest Clearcut,59.49277577021497,Normal,Iteration and Timestep,252.40647107237837,0,1070.8699638638693
San Luis Obispo,2021,Management: Forest Clearcut,79.36764767572168,Normal,Iteration and Timestep,336.72841126996514,0,1428.6176581629902
San Luis Obispo,2031,Management: Forest Clearcut,82.39996644074095,Normal,Iteration and Timestep,349.59345023875125,0,1483.199395933337
San Luis Obispo,2041,Management: Forest Clearcut,90.079643313018,Normal,Iteration and Timestep,382.1755598010028,0,1621.433579634324
San Luis Obispo,2051,Management: Forest Clearcut,85.63004512521799,Normal,Iteration and Timestep,363.29751348811027,0,1541.3408122539238
San Luis Obispo,2061,Management: Forest Clearcut,75.31356932683723,Normal,Iteration and Timestep,319.5284135182186,0,1355.64424788307
San Luis Obispo,2071,Management: Forest Clearcut,63.97533394459127,Normal,Iteration and Timestep,271.42435476536645,0,1151.5560110026427
San Luis Obispo,2081,Management: Forest Clearcut,58.93245599841793,Normal,Iteration and Timestep,250.02923561075485,0,1060.7842079715226
San Luis Obispo,2091,Management: Forest Clearcut,46.90206089806975,Normal,Iteration and Timestep,198.98859187589719,0,844.2370961652555
San Mateo,2017,Management: Forest Clearcut,0,Normal,Iteration and Timestep,0,0,0
San Mateo,2021,Management: Forest Clearcut,0,Normal,Iteration and Timestep,0,0,0
San Mateo,2031,Management: Forest Clearcut,0,Normal,Iteration and Timestep,0,0,0
San Mateo,2041,Management: Forest Clearcut,0,Normal,Iteration and Timestep,0,0,0
San Mateo,2051,Management: Forest Clearcut,0,Normal,Iteration and Timestep,0,0,0
San Mateo,2061,Management: Forest Clearcut,0,Normal,Iteration and Timestep,0,0,0
San Mateo,2071,Management: Forest Clearcut,0,Normal,Iteration and Timestep,0,0,0
San Mateo,2081,Management: Forest Clearcut,0,Normal,Iteration and Timestep,0,0,0
San Mateo,2091,Management: Forest Clearcut,0,Normal,Iteration and Timestep,0,0,0
Santa Barbara,2017,Management: Forest Clearcut,0,Normal,Iteration and Timestep,0,0,0
Santa Barbara,2021,Management: Forest Clearcut,0,Normal,Iteration and Timestep,0,0,0
Santa Barbara,2031,Management: Forest Clearcut,0,Normal,Iteration and Timestep,0,0,0
Santa Barbara,2041,Management: Forest Clearcut,0,Normal,Iteration and Timestep,0,0,0
Santa Barbara,2051,Management: Forest Clearcut,0,Normal,Iteration and Timestep,0,0,0
Santa Barbara,2061,Management: Forest Clearcut,0,Normal,Iteration and Timestep,0,0,0
Santa Barbara,2071,Management: Forest Clearcut,0,Normal,Iteration and Timestep,0,0,0
Santa Barbara,2081,Management: Forest Clearcut,0,Normal,Iteration and Timestep,0,0,0
Santa Barbara,2091,Management: Forest Clearcut,0,Normal,Iteration and Timestep,0,0,0
Santa Clara,2017,Management: Forest Clearcut,0,Normal,Iteration and Timestep,0,0,0
Santa Clara,2021,Management: Forest Clearcut,0,Normal,Iteration and Timestep,0,0,0
Santa Clara,2031,Management: Forest Clearcut,0,Normal,Iteration and Timestep,0,0,0
Santa Clara,2041,Management: Forest Clearcut,0,Normal,Iteration and Timestep,0,0,0
Santa Clara,2051,Management: Forest Clearcut,0,Normal,Iteration and Timestep,0,0,0
Santa Clara,2061,Management: Forest Clearcut,0,Normal,Iteration and Timestep,0,0,0
Santa Clara,2071,Management: Forest Clearcut,0,Normal,Iteration and Timestep,0,0,0
Santa Clara,2081,Management: Forest Clearcut,0,Normal,Iteration and Timestep,0,0,0
Santa Clara,2091,Management: Forest Clearcut,0,Normal,Iteration and Timestep,0,0,0
Santa Cruz,2017,Management: Forest Clearcut,5.408434160928633,Normal,Iteration and Timestep,22.94604282476167,0,97.3518148967154
Santa Cruz,2021,Management: Forest Clearcut,7.215240697792879,Normal,Iteration and Timestep,30.611673751815015,0,129.87433256027182
Santa Cruz,2031,Management: Forest Clearcut,7.490906040067359,Normal,Iteration and Timestep,31.781222748977385,0,134.83630872121245
Santa Cruz,2041,Management: Forest Clearcut,8.189058483001636,Normal,Iteration and Timestep,34.743232709182074,0,147.40305269402944
Santa Cruz,2051,Management: Forest Clearcut,7.784549556837999,Normal,Iteration and Timestep,33.02704668073729,0,140.12189202308397
Santa Cruz,2061,Management: Forest Clearcut,6.8466881206215655,Normal,Iteration and Timestep,29.048037592565326,0,123.24038617118818
Santa Cruz,2071,Management: Forest Clearcut,5.8159394495082966,Normal,Iteration and Timestep,24.674941342306038,0,104.68691009114934
Santa Cruz,2081,Management: Forest Clearcut,5.357495999856175,Normal,Iteration and Timestep,22.729930510068623,0,96.43492799741115
Santa Cruz,2091,Management: Forest Clearcut,4.263823718006341,Normal,Iteration and Timestep,18.089871988717928,0,76.74882692411413
Shasta,2017,Management: Forest Clearcut,508.39281112729145,Normal,Iteration and Timestep,618.9179485727619,0,2141.7399277277386
Shasta,2021,Management: Forest Clearcut,678.2326255925307,Normal,Iteration and Timestep,825.6811192039949,0,2857.2353163259804
Shasta,2031,Management: Forest Clearcut,704.1451677663317,Normal,Iteration and Timestep,857.2270755855429,0,2966.398791866674
Shasta,2041,Management: Forest Clearcut,769.7714974021537,Normal,Iteration and Timestep,937.1206390301154,0,3242.867159268648
Shasta,2051,Management: Forest Clearcut,731.7476583427718,Normal,Iteration and Timestep,890.8303769484961,0,3082.6816245078476
Shasta,2061,Management: Forest Clearcut,643.5886833384271,Normal,Iteration and Timestep,783.5055470851861,0,2711.28849576614
Shasta,2071,Management: Forest Clearcut,546.6983082537798,Normal,Iteration and Timestep,665.5511014846154,0,2303.1120220052853
Shasta,2081,Management: Forest Clearcut,503.60462398648036,Normal,Iteration and Timestep,613.0888044587803,0,2121.5684159430452
Shasta,2091,Management: Forest Clearcut,400.799429492596,Normal,Iteration and Timestep,487.933651423291,0,1688.474192330511
Sierra Valley,2017,Management: Forest Clearcut,200.1120639543594,Normal,Iteration and Timestep,222.6788680888441,0,778.8145191737232
Sierra Valley,2021,Management: Forest Clearcut,266.9639058183365,Normal,Iteration and Timestep,297.0696478437322,0,1038.9946604821746
Sierra Valley,2031,Management: Forest Clearcut,277.1635234824923,Normal,Iteration and Timestep,308.41948488759573,0,1078.6904697696996
Sierra Valley,2041,Management: Forest Clearcut,302.9951638710605,Normal,Iteration and Timestep,337.1641808791196,0,1179.2244215522355
Sierra Valley,2051,Management: Forest Clearcut,288.02833360300593,Normal,Iteration and Timestep,320.5095286951895,0,1120.9751361846718
Sierra Valley,2061,Management: Forest Clearcut,253.3274604629979,Normal,Iteration and Timestep,281.8954091872625,0,985.9230893695054
Sierra Valley,2071,Management: Forest Clearcut,215.18975963180696,Normal,Iteration and Timestep,239.4568880667293,0,837.4952807291947
Sierra Valley,2081,Management: Forest Clearcut,198.22735199467846,Normal,Iteration and Timestep,220.58161559160845,0,771.4794239792892
Sierra Valley,2091,Management: Forest Clearcut,157.7614775662346,Normal,Iteration and Timestep,175.5523707980195,0,613.990615392913
Siskiyou,2017,Management: Forest Clearcut,486.75907448357697,Normal,Iteration and Timestep,322.01497139521933,0,1168.2217787605848
Siskiyou,2021,Management: Forest Clearcut,649.3716628013592,Normal,Iteration and Timestep,429.59116405522883,0,1558.491990723262
Siskiyou,2031,Management: Forest Clearcut,674.1815436060623,Normal,Iteration and Timestep,446.0041155058439,0,1618.0357046545496
Siskiyou,2041,Management: Forest Clearcut,737.0152634701473,Normal,Iteration and Timestep,487.57169907098853,0,1768.8366323283533
Siskiyou,2051,Management: Forest Clearcut,700.6094601154199,Normal,Iteration and Timestep,463.487476833673,0,1681.4627042770078
Siskiyou,2061,Management: Forest Clearcut,616.2019308559409,Normal,Iteration and Timestep,407.6477615723413,0,1478.8846340542582
Siskiyou,2071,Management: Forest Clearcut,523.4345504557467,Normal,Iteration and Timestep,346.2775952787372,0,1256.2429210937921
Siskiyou,2081,Management: Forest Clearcut,482.17463998705574,Normal,Iteration and Timestep,318.98214340977955,0,1157.2191359689336
Siskiyou,2091,Management: Forest Clearcut,383.74413462057066,Normal,Iteration and Timestep,253.86554254592636,0,920.9859230893696
Solano,2017,Management: Forest Clearcut,0,Normal,Iteration and Timestep,0,0,0
Solano,2021,Management: Forest Clearcut,0,Normal,Iteration and Timestep,0,0,0
Solano,2031,Management: Forest Clearcut,0,Normal,Iteration and Timestep,0,0,0
Solano,2041,Management: Forest Clearcut,0,Normal,Iteration and Timestep,0,0,0
Solano,2051,Management: Forest Clearcut,0,Normal,Iteration and Timestep,0,0,0
Solano,2061,Management: Forest Clearcut,0,Normal,Iteration and Timestep,0,0,0
Solano,2071,Management: Forest Clearcut,0,Normal,Iteration and Timestep,0,0,0
Solano,2081,Management: Forest Clearcut,0,Normal,Iteration and Timestep,0,0,0
Solano,2091,Management: Forest Clearcut,0,Normal,Iteration and Timestep,0,0,0
Sonoma,2017,Management: Forest Clearcut,54.084341609286334,Normal,Iteration and Timestep,101.4033682573317,0,292.0554446901462
Sonoma,2021,Management: Forest Clearcut,72.15240697792879,Normal,Iteration and Timestep,135.27939654496106,0,389.6229976808155
Sonoma,2031,Management: Forest Clearcut,74.9090604006736,Normal,Iteration and Timestep,140.4478784727586,0,404.5089261636374
Sonoma,2041,Management: Forest Clearcut,81.89058483001637,Normal,Iteration and Timestep,153.5376207464197,0,442.2091580820883
Sonoma,2051,Management: Forest Clearcut,77.84549556837999,Normal,Iteration and Timestep,145.95343530889073,0,420.36567606925195
Sonoma,2061,Management: Forest Clearcut,68.46688120621566,Normal,Iteration and Timestep,128.36936092410136,0,369.72115851356455
Sonoma,2071,Management: Forest Clearcut,58.15939449508297,Normal,Iteration and Timestep,109.04373284624977,0,314.06073027344803
Sonoma,2081,Management: Forest Clearcut,53.57495999856175,Normal,Iteration and Timestep,100.44832268371694,0,289.3047839922334
Sonoma,2091,Management: Forest Clearcut,42.638237180063406,Normal,Iteration and Timestep,79.9429324266942,0,230.2464807723424
Stanislaus,2017,Management: Forest Clearcut,0,Normal,Iteration and Timestep,0,0,0
Stanislaus,2021,Management: Forest Clearcut,0,Normal,Iteration and Timestep,0,0,0
Stanislaus,2031,Management: Forest Clearcut,0,Normal,Iteration and Timestep,0,0,0
Stanislaus,2041,Management: Forest Clearcut,0,Normal,Iteration and Timestep,0,0,0
Stanislaus,2051,Management: Forest Clearcut,0,Normal,Iteration and Timestep,0,0,0
Stanislaus,2061,Management: Forest Clearcut,0,Normal,Iteration and Timestep,0,0,0
Stanislaus,2071,Management: Forest Clearcut,0,Normal,Iteration and Timestep,0,0,0
Stanislaus,2081,Management: Forest Clearcut,0,Normal,Iteration and Timestep,0,0,0
Stanislaus,2091,Management: Forest Clearcut,0,Normal,Iteration and Timestep,0,0,0
Sutter,2017,Management: Forest Clearcut,0,Normal,Iteration and Timestep,0,0,0
Sutter,2021,Management: Forest Clearcut,0,Normal,Iteration and Timestep,0,0,0
Sutter,2031,Management: Forest Clearcut,0,Normal,Iteration and Timestep,0,0,0
Sutter,2041,Management: Forest Clearcut,0,Normal,Iteration and Timestep,0,0,0
Sutter,2051,Management: Forest Clearcut,0,Normal,Iteration and Timestep,0,0,0
Sutter,2061,Management: Forest Clearcut,0,Normal,Iteration and Timestep,0,0,0
Sutter,2071,Management: Forest Clearcut,0,Normal,Iteration and Timestep,0,0,0
Sutter,2081,Management: Forest Clearcut,0,Normal,Iteration and Timestep,0,0,0
Sutter,2091,Management: Forest Clearcut,0,Normal,Iteration and Timestep,0,0,0
Tehama,2017,Management: Forest Clearcut,124.39398570135856,Normal,Iteration and Timestep,199.80658530277867,0,778.8145191737232
Tehama,2021,Management: Forest Clearcut,165.95053604923623,Normal,Iteration and Timestep,266.5563752958953,0,1038.9946604821746
Tehama,2031,Management: Forest Clearcut,172.29083892154924,Normal,Iteration and Timestep,276.74042285703416,0,1078.6904697696996
Tehama,2041,Management: Forest Clearcut,188.3483451090376,Normal,Iteration and Timestep,302.53263026730974,0,1179.2244215522355
Tehama,2051,Management: Forest Clearcut,179.04463980727397,Normal,Iteration and Timestep,287.5886474330299,0,1120.9751361846718
Tehama,2061,Management: Forest Clearcut,157.473826774296,Normal,Iteration and Timestep,252.9407464913292,0,985.9230893695054
Tehama,2071,Management: Forest Clearcut,133.76660733869082,Normal,Iteration and Timestep,214.8612643062013,0,837.4952807291947
Tehama,2081,Management: Forest Clearcut,123.22240799669201,Normal,Iteration and Timestep,197.92475042735083,0,771.4794239792892
Tehama,2091,Management: Forest Clearcut,98.06794551414583,Normal,Iteration and Timestep,157.52064869022385,0,613.990615392913
Trinity,2017,Management: Forest Clearcut,411.0409962305761,Normal,Iteration and Timestep,580.814106096508,0,2531.1471873146
Trinity,2021,Management: Forest Clearcut,548.3582930322589,Normal,Iteration and Timestep,774.8478490196072,0,3376.7326465670676
Trinity,2031,Management: Forest Clearcut,569.3088590451193,Normal,Iteration and Timestep,804.4516704937784,0,3505.744026751524
Trinity,2041,Management: Forest Clearcut,622.3684447081243,Normal,Iteration and Timestep,879.4265661837984,0,3832.479370044766
Trinity,2051,Management: Forest Clearcut,591.625766319688,Normal,Iteration and Timestep,835.9861759771344,0,3643.1691926001836
Trinity,2061,Management: Forest Clearcut,520.348297167239,Normal,Iteration and Timestep,735.2688268313134,0,3204.250040450893
Trinity,2071,Management: Forest Clearcut,442.01139816263054,Normal,Iteration and Timestep,624.5762769713695,0,2721.859662369883
Trinity,2081,Management: Forest Clearcut,407.1696959890693,Normal,Iteration and Timestep,575.3438347371502,0,2507.30812793269
Trinity,2091,Management: Forest Clearcut,324.0506025684819,Normal,Iteration and Timestep,457.89389084505865,0,1995.4695000269674
Tulare,2017,Management: Forest Clearcut,97.3518148967154,Normal,Iteration and Timestep,173.50678858374494,0,681.4627042770078
Tulare,2021,Management: Forest Clearcut,129.87433256027182,Normal,Iteration and Timestep,231.47055230451957,0,909.1203279219028
Tulare,2031,Management: Forest Clearcut,134.83630872121245,Normal,Iteration and Timestep,240.31411161183513,0,943.8541610484872
Tulare,2041,Management: Forest Clearcut,147.40305269402944,Normal,Iteration and Timestep,262.71138681405813,0,1031.8213688582061
Tulare,2051,Management: Forest Clearcut,140.12189202308397,Normal,Iteration and Timestep,249.73442478701904,0,980.8532441615879
Tulare,2061,Management: Forest Clearcut,123.24038617118818,Normal,Iteration and Timestep,219.64709801321726,0,862.6827031983172
Tulare,2071,Management: Forest Clearcut,104.68691009114934,Normal,Iteration and Timestep,186.57987625542876,0,732.8083706380454
Tulare,2081,Management: Forest Clearcut,96.43492799741115,Normal,Iteration and Timestep,171.87265262478448,0,675.0444959818781
Tulare,2091,Management: Forest Clearcut,76.74882692411413,Normal,Iteration and Timestep,136.78679232945655,0,537.241788468799
Tuolumne,2017,Management: Forest Clearcut,308.2807471729321,Normal,Iteration and Timestep,534.5231591383011,0,2239.091742624454
Tuolumne,2021,Management: Forest Clearcut,411.26871977419415,Normal,Iteration and Timestep,713.0923918033402,0,2987.109648886252
Tuolumne,2031,Management: Forest Clearcut,426.9816442838395,Normal,Iteration and Timestep,740.3367855101123,0,3101.235100587887
Tuolumne,2041,Management: Forest Clearcut,466.77633353109326,Normal,Iteration and Timestep,809.3361739196547,0,3390.2702119626774
Tuolumne,2051,Management: Forest Clearcut,443.71932473976597,Normal,Iteration and Timestep,769.3579875021087,0,3222.8035165309316
Tuolumne,2061,Management: Forest Clearcut,390.26122287542927,Normal,Iteration and Timestep,676.6678219562426,0,2834.528881937328
Tuolumne,2071,Management: Forest Clearcut,331.5085486219729,Normal,Iteration and Timestep,574.7974802700512,0,2407.798932096435
Tuolumne,2081,Management: Forest Clearcut,305.377271991802,Normal,Iteration and Timestep,529.4888689968324,0,2218.0033439404565
Tuolumne,2091,Management: Forest Clearcut,243.03795192636144,Normal,Iteration and Timestep,421.39969831235595,0,1765.2230192546251
Ventura,2017,Management: Forest Clearcut,5.408434160928633,Normal,Iteration and Timestep,22.94604282476167,0,97.3518148967154
Ventura,2021,Management: Forest Clearcut,7.215240697792879,Normal,Iteration and Timestep,30.611673751815015,0,129.87433256027182
Ventura,2031,Management: Forest Clearcut,7.490906040067359,Normal,Iteration and Timestep,31.781222748977385,0,134.83630872121245
Ventura,2041,Management: Forest Clearcut,8.189058483001636,Normal,Iteration and Timestep,34.743232709182074,0,147.40305269402944
Ventura,2051,Management: Forest Clearcut,7.784549556837999,Normal,Iteration and Timestep,33.02704668073729,0,140.12189202308397
Ventura,2061,Management: Forest Clearcut,6.8466881206215655,Normal,Iteration and Timestep,29.048037592565326,0,123.24038617118818
Ventura,2071,Management: Forest Clearcut,5.8159394495082966,Normal,Iteration and Timestep,24.674941342306038,0,104.68691009114934
Ventura,2081,Management: Forest Clearcut,5.357495999856175,Normal,Iteration and Timestep,22.729930510068623,0,96.43492799741115
Ventura,2091,Management: Forest Clearcut,4.263823718006341,Normal,Iteration and Timestep,18.089871988717928,0,76.74882692411413
Yolo,2017,Management: Forest Clearcut,0,Normal,Iteration and Timestep,0,0,0
Yolo,2021,Management: Forest Clearcut,0,Normal,Iteration and Timestep,0,0,0
Yolo,2031,Management: Forest Clearcut,0,Normal,Iteration and Timestep,0,0,0
Yolo,2041,Management: Forest Clearcut,0,Normal,Iteration and Timestep,0,0,0
Yolo,2051,Management: Forest Clearcut,0,Normal,Iteration and Timestep,0,0,0
Yolo,2061,Management: Forest Clearcut,0,Normal,Iteration and Timestep,0,0,0
Yolo,2071,Management: Forest Clearcut,0,Normal,Iteration and Timestep,0,0,0
Yolo,2081,Management: Forest Clearcut,0,Normal,Iteration and Timestep,0,0,0
Yolo,2091,Management: Forest Clearcut,0,Normal,Iteration and Timestep,0,0,0
Yuba,2017,Management: Forest Clearcut,124.39398570135856,Normal,Iteration and Timestep,194.14608092593946,0,584.1108893802924
Yuba,2021,Management: Forest Clearcut,165.95053604923623,Normal,Iteration and Timestep,259.0048547754361,0,779.245995361631
Yuba,2031,Management: Forest Clearcut,172.29083892154924,Normal,Iteration and Timestep,268.90038909409895,0,809.0178523272748
Yuba,2041,Management: Forest Clearcut,188.3483451090376,Normal,Iteration and Timestep,293.96190535766897,0,884.4183161641766
Yuba,2051,Management: Forest Clearcut,179.04463980727397,Normal,Iteration and Timestep,279.4412843465876,0,840.7313521385039
Yuba,2061,Management: Forest Clearcut,157.473826774296,Normal,Iteration and Timestep,245.77495563200642,0,739.4423170271291
Yuba,2071,Management: Forest Clearcut,133.76660733869082,Normal,Iteration and Timestep,208.7742620926584,0,628.1214605468961
Yuba,2081,Management: Forest Clearcut,123.22240799669201,Normal,Iteration and Timestep,192.31755828009958,0,578.6095679844668
Yuba,2091,Management: Forest Clearcut,98.06794551414583,Normal,Iteration and Timestep,153.05810147236113,0,460.4929615446848
